Workbook

Sheet Tracker&Invoice
A2: ITEM | B2: Description | C2: OLD QUANTITY | D2: C.R QUANTITY | E2: UNITE | F2: PRICE | G2: TOTAL | H2: 0.6 | I2: 0.3 | J2: 0.1
A4: D-001 | B4: التصاميم التفصيلية وتصاميم المرحلة الثالثة Stage 3 Design Package | C4: 1 | D4: 1 | E4: عدد | F4: 2840000 | G4: 2840000 | H4: Submittal 1 | I4: Submittal 2 | J4: HCIS Approval
B6: TRACKER #01 | H6: =1*60% -> 0.6
B7: INVOICE #01 | H7: =F4*H6 -> 1704000
B8: TRACKER #03 | I8: 0.3
B9: INVOICE #03 | I9: =F4*I8 -> 852000
B10: TRACKER #05 | J10: 0.1
B11: INVOICE #05 | J11: =F4*J10 -> 284000
B12: Overall Completion INVOICE | H12: =H7+I9+J11 -> 2840000
B13: Overall Completion | H13: =H12/G4 -> 1
A15: ITEM | B15: Description | C15: OLD QUANTITY | D15: C.R QUANTITY | E15: UNITE | F15: PRICE | G15: TOTAL | H15: 0.6 | J15: 0.4
A17: D-002 | B17: الهندسة والتصميم IFC, Shop drawings and Stage 4 drawings | C17: 1 | D17: 1 | E17: عدد | F17: 2630000 | G17: 2630000 | H17: Shop Drawings | J17: AS BUILT
H18: 0.8 | I18: 0.2
B19: TRACKER #05 | H19: 26.4
B20: INVOICE #05 | H20: =(H19/264)*G17*H15*H18 -> 126240
B21: TRACKER #06 | H21: 68
B22: INVOICE #06 | H22: =(H21/264)*F17*H15*H18 -> 325163.64
B23: TRACKER #07 | H23: 100
B24: INVOICE #07 | H24: =(H23/264)*F17*H15*H18 -> 478181.82
B25: TRACKER #08 | H25: 10
B26: INVOICE #08 | H26: =(H25/264)*F17*H15*H18 -> 47818.182
B27: TRACKER #10 | H27: 16
B28: INVOICE #10 | H28: =(H27/264)*F17*H15*H18 -> 76509.091
B29: TRACKER #11 | H29: 7
B30: INVOICE #11 | H30: =(H29/264)*F17*H15*H18 -> 33472.727
B31: TRACKER #12 | H31: 8
B32: INVOICE #12 | H32: =(H31/264)*F17*H15*H18 -> 38254.545
B33: TRACKER #14 | H33: 5.599998
B34: INVOICE #14 | H34: =(H33/264)*G17*H15*H18 -> 26778.172
B35: TRACKER #15 | H35: 18
B36: INVOICE #15 | H36: =(H35/264)*G17*H15*H18 -> 86072.727
B37: TRACKER #20 | H37: 5
B38: INVOICE #20 | H38: =(5/264)*G17*H15*H18 -> 23909.091
B39: TRACKER #26 | I39: 264
B40: INVOICE #26 | I40: =(264/264)*G17*H15*I18 -> 315600
B41: Overall Completion TRACKER | H41: =H19+H21+H23+H25+H27+H29+H31+H33+H35+H37 -> 264 | I41: =I39 -> 264
B42: Overall Completion INVOICE | H42: =H32+H30+H28+H26+H24+H22+H20+H34+H36+H38+0.01 -> 1262400 | I42: =I40 -> 315600
B43: ToT.Overall Completion INVOICE | H43: =H42+I42+J42 -> 1578000
B44: Overall Completion | H44: =H43/G17 -> 0.6
A46: ITEM | B46: Description | C46: OLD QUANTITY | D46: C.R QUANTITY | E46: UNITE | F46: PRICE | G46: TOTAL | H46: 0.9 | I46: 0.1
A48: D-003 | B48: تدريب المشغلين وموظفي الصيانة Training of Operators and Maintenance Personnel | C48: 1 | D48: 1 | E48: عدد | F48: 110000 | G48: 110000 | H48: Training | I48: Handover Manual & Documentation
B50: TRACKER #00
B51: INVOICE #00
B52: Overall Completion TRACKER | H52: =H50 -> 0 | I52: =I50 -> 0
B53: Overall Completion INVOICE | H53: =H51 -> 0 | I53: =I51 -> 0
B54: ToT.Overall Completion INVOICE | H54: =I53+H53 -> 0
B55: Overall Completion | H55: =H54/G48 -> 0
A57: ITEM | B57: Description | C57: OLD QUANTITY | D57: C.R QUANTITY | E57: UNITE | F57: PRICE | G57: TOTAL | H57: 0.7 | I57: 0.1 | M57: 0.1 | O57: 0.1
H58: Procurement | I58: CONSTRUCTION | M58: T&C / Configuration | O58: Handover
A59: BQ-001 | B59: محمول شبكة مركزي مع جميع الكابلات ذات الصلة والملحقات والأجهزة التمهيدية وأجهزة الشبكة Central Redundant Network Core Switch with all related cabling, accessories, prepherals and network devices | C59: 4 | D59: 4 | E59: عدد | F59: 130000 | G59: 520000 | I59: Component Installation | J59: Configuration | K59: Patching & Cabling | L59: Testing | M59: RFI / Config. | N59: Acceptance
I60: 0.6 | J60: 0.2 | K60: 0.1 | L60: 0.1 | M60: 0.9 | N60: 0.1
B61: TRACKER #13 | H61: 4
B62: INVOICE #13 | H62: =(H61/D59)*G59*H57 -> 364000
B63: TRACKER #25 | I63: 4
B64: INVOICE #25 | I64: =(I63/D59)*G59*I57*I60 -> 31200
B65: TRACKER #28 | J65: 4 | K65: 3 | L65: 3
B66: INVOICE #28 | J66: =(J65/D59)*I57*J60*G59 -> 10400 | K66: =(K65/D59)*G59*I57*K60 -> 3900 | L66: =(L65/D59)*G59*I57*L60 -> 3900
B67: TRACKER #32 | K67: 1 | L67: 1
B68: INVOICE #32 | K68: =(K67/D59)*G59*I57*K60 -> 1300 | L68: =(L67/D59)*G59*I57*L60 -> 1300
B69: Overall Completion TRACKER | H69: =H61+H63+H65+H67 -> 4 | I69: =I61+I63+I65+I67 -> 4 | J69: =J61+J63+J65+J67 -> 4 | K69: =K61+K63+K65+K67 -> 4 | L69: =L61+L63+L65+L67 -> 4 | M69: =M61+M63+M65+M67 -> 0 | N69: =N61+N63+N65+N67 -> 0 | O69: =O61+O63+O65+O67 -> 0
B70: Overall Completion INVOICE | H70: =H62+H64+H66+H68 -> 364000 | I70: =I62+I64+I66+I68 -> 31200 | J70: =J62+J64+J66+J68 -> 10400 | K70: =K62+K64+K66+K68 -> 5200 | L70: =L62+L64+L66+L68 -> 5200 | M70: =M62+M64+M66+M68 -> 0 | N70: =N62+N64+N66+N68 -> 0 | O70: =O62+O64+O66+O68 -> 0
B71: Tot.Procument | H71: =H70 -> 364000
B72: Tot.implementation | H72: =SUM(I70:M70) -> 52000
B73: Tot(T&C / Configuration+Handover) | H73: =SUM(N69:P69) -> 0
B74: ToT.Overall Completion INVOICE | H74: =SUM(H71:P73) -> 416000
B75: Overall Completion percentage | H75: =H74/G59 -> 0.8
A77: ITEM | B77: Description | C77: OLD QUANTITY | D77: C.R QUANTITY | E77: UNITE | F77: PRICE | G77: TOTAL | H77: 0.7 | I77: 0.1 | M77: 0.1 | O77: 0.1
H78: Procurement | I78: CONSTRUCTION | M78: T&C / Configuration | O78: Handover
A79: BQ-002 | B79: محول شبكة جيجابايت مع جميع الكابلات ذات الصلة والملحقات والأجهزة التمهيدية وأجهزة الشبكة Gigabit Network Switch with all related cabling, accessories, prepherals and network devices | C79: 10 | D79: 10 | E79: عدد | F79: 19600 | G79: 196000 | I79: Component Installation | J79: Configuration | K79: Patching & Cabling | L79: Testing | M79: RFI / Config. | N79: Acceptance
I80: 0.6 | J80: 0.2 | K80: 0.1 | L80: 0.1 | M80: 0.9 | N80: 0.1
B81: TRACKER #13 | H81: 3
B82: INVOICE #13 | H82: =(H81/D79)*G79*H77 -> 41160
B83: TRACKER #15 | H83: 7
B84: INVOICE #15 | H84: =(H83/D79)*G79*H77 -> 96040
B85: TRACKER #25 | I85: 10
B86: INVOICE #25 | I86: =(I85/D79)*G79*I77*I80 -> 11760
B87: TRACKER #28 | H87: -5 | J87: 2
B88: INVOICE #28 | H88: =(H87/D79)*G79*H77 -> -68600 | J88: =(J87/D79)*G79*I77*J80 -> 784
B89: TRACKER #29 | I89: -5
B90: INVOICE #29 | I90: =(I89/D79)*G79*I77*I80 -> -5880
B91: TRACKER #32 | J91: 3 | K91: 5 | L91: 5
B92: INVOICE #32 | J92: =(J91/D79)*G79*I77*J80 -> 1176 | K92: =(K91/D79)*G79*I77*K80 -> 980 | L92: =(L91/D79)*G79*I77*L80 -> 980
B93: Overall Completion TRACKER | H93: =H81+H83+H85+H87+H89+H91 -> 5 | I93: =I81+I83+I85+I87+I89+I91 -> 5 | J93: =J81+J83+J85+J87+J89+J91 -> 5 | K93: =K81+K83+K85+K87+K89+K91 -> 5 | L93: =L81+L83+L85+L87+L89+L91 -> 5 | M93: =M81+M83+M85+M87+M89+M91 -> 0 | N93: =N81+N83+N85+N87+N89+N91 -> 0 | O93: =O81+O83+O85+O87+O89+O91 -> 0
B94: Overall Completion INVOICE | H94: =H82+H84+H86+H88+H90+H92 -> 68600 | I94: =I82+I84+I86+I88+I90+I92 -> 5880 | J94: =J82+J84+J86+J88+J90+J92 -> 1960 | K94: =K82+K84+K86+K88+K90+K92 -> 980 | L94: =L82+L84+L86+L88+L90+L92 -> 980 | M94: =M82+M84+M86+M88+M90+M92 -> 0 | N94: =N82+N84+N86+N88+N90+N92 -> 0 | O94: =O82+O84+O86+O88+O90+O92 -> 0
B95: Tot.Procument | H95: =H94 -> 68600
B96: Tot.implementation | H96: =SUM(I94:M94) -> 9800
B97: Tot(T&C / Configuration+Handover) | H97: =SUM(N93:P93) -> 0
B98: ToT.Overall Completion INVOICE | H98: =SUM(H95:P97) -> 78400
B99: Overall Completion percentage | H99: =H98/G79 -> 0.4
A101: ITEM | B101: Description | C101: OLD QUANTITY | D101: C.R QUANTITY | E101: UNITE | F101: PRICE | G101: TOTAL | H101: 0.55 | I101: 0.25 | O101: 0.1 | Q101: 0.1
H102: Procurement | I102: CONSTRUCTION | O102: T&C / Configuration | Q102: Handover
A103: BQ-003 | B103: كابينة المعدات الميدانية بما في ذلك جميع إمدادات الطاقة وكابلات الطاقة والبيانات إلى FEC وجميع المعدات الأمنية والمفاتيح الصناعية ولوحات التصحيح و CBs و TB وجميع الملحقات الكهربائية والاتصالات ذات الصلة وجميع الأعمال اللازمة لإكمال البند. Field Equipment cabinets including all power supplies, power and data cabling to the FEC and all security equipment, Industrial switches, patch panels, CBs, TBs, and all related electrical and communications accessories and all necessary work to complete the item. | C103: 66 | D103: 61 | E103: عدد | F103: 23700 | G103: =D103*F103 -> 1445700 | I103: Civil Works | J103: FEC inst'n | K103: Component Installation | L103: Cabling | M103: Termination | N103: Testing | O103: RFI / Config. | P103: Acceptance
I104: 0.4 | J104: 0.2 | K104: 0.15 | L104: 0.1 | M104: 0.1 | N104: 0.05 | O104: 0.9 | P104: 0.1
B105: TRACKER #20 | I105: 23
B106: INVOICE #20 | I106: =(I105/D103)*G103*I101*I104 -> 54510
B107: TRACKER #21 | I107: 2
B108: INVOICE #21 | I108: =(I107/D103)*G103*I101*I104 -> 4740
B109: TRACKER #24 | H109: 60 | I109: 6
B110: INVOICE #24 | H110: =(H109/D103)*G103*H101 -> 782100 | I110: =(I109/D103)*G103*I101*I104 -> 14220
B111: TRACKER #25 | H111: 1 | K111: 50
...

Sheet Summry Invoices
A1: رقم المستخلص | B1: الفترة | D1: السنة | E1: قيمة الأعمال المنجزة | F1: نسبة المستخلص من العقد | G1: النسبة التراكمية | H1: الأعمال التراكمية | I1: استقطاع الدفعة المقدمة | J1: احتجاز الختامي | K1: صافي المستخلص بعد الاستقطاعات | L1: حسومات أخرى | M1: بيان الحسومات | N1: غرامات التأخير | O1: غرامات الإشراف | P1: إجمالي الحسومات والغرامات | Q1: صافي المستحق | R1: المنصرف التراكمي
A2: Tot' | B2: From | C2: To | E2: =SUM(E3:E38) -> #REF! | F2: =IF([1]المدخلات!$B$5=0,0,E2/[1]المدخلات!$B$5) -> #REF! | G2: =F2 -> #REF! | H2: =E2 -> #REF! | I2: =SUM(I3:I38) -> #REF! | J2: =SUM(J3:J38) -> #REF! | K2: =SUM(K3:K38) -> #REF! | L2: =SUM(L3:L38) -> 210000 | N2: =SUM(N3:N38) -> #VALUE! | O2: =SUM(O3:O38) -> 698425.33 | P2: =SUM(P3:P38) -> #REF! | Q2: =SUM(Q3:Q38) -> #REF! | R2: =Q2 -> #REF!
A3: 1 | B3: 45025 | C3: 45169 | D3: 2023 | E3: ='Data Board'!B35 -> #REF! | F3: =IF($E3="","",E3/[1]المدخلات!$B$5) -> #REF! | G3: =IF($E3="","",SUM(E$3:E3)/[1]المدخلات!$B$5) -> #REF! | H3: =IF($E3="","",SUM(E$3:E3)) -> #REF! | I3: =IF($E3="","",E3*[1]المدخلات!$B$8) -> #REF! | J3: =IF($E3="","",E3*[1]المدخلات!$B$9) -> #REF! | K3: =IF($E3="","",E3-I3-J3) -> #REF! | L3: 119000 | M3: (عدم تواجد مدير المشروع 119 يوم عمل) | N3: 0 | O3: 0 | P3: =IF($E3="","",N(L3)+N3+O3) -> #REF! | Q3: =IF($E3="","",K3-P3) -> #REF! | R3: =IF($E3="","",SUM(Q$3:Q3)) -> #REF!
A4: 2 | B4: 45170 | C4: 45209 | D4: 2023 | E4: ='Data Board'!B36 -> #REF! | F4: =IF($E4="","",E4/[1]المدخلات!$B$5) -> #REF! | G4: =IF($E4="","",SUM(E$3:E4)/[1]المدخلات!$B$5) -> #REF! | H4: =IF($E4="","",SUM(E$3:E4)) -> #REF! | I4: =IF($E4="","",E4*[1]المدخلات!$B$8) -> #REF! | J4: =IF($E4="","",E4*[1]المدخلات!$B$9) -> #REF! | K4: =IF($E4="","",E4-I4-J4) -> #REF! | N4: 0 | O4: 0 | P4: =IF($E4="","",N(L4)+N4+O4) -> #REF! | Q4: =IF($E4="","",K4-P4) -> #REF! | R4: =IF($E4="","",SUM(Q$3:Q4)) -> #REF!
A5: 3 | B5: 45210 | C5: 45228 | D5: 2023 | E5: ='Data Board'!B37 -> #REF! | F5: =IF($E5="","",E5/[1]المدخلات!$B$5) -> #REF! | G5: =IF($E5="","",SUM(E$3:E5)/[1]المدخلات!$B$5) -> #REF! | H5: =IF($E5="","",SUM(E$3:E5)) -> #REF! | I5: =IF($E5="","",E5*[1]المدخلات!$B$8) -> #REF! | J5: =IF($E5="","",E5*[1]المدخلات!$B$9) -> #REF! | K5: =IF($E5="","",E5-I5-J5) -> #REF! | N5: 0 | O5: 0 | P5: =IF($E5="","",N(L5)+N5+O5) -> #REF! | Q5: =IF($E5="","",K5-P5) -> #REF! | R5: =IF($E5="","",SUM(Q$3:Q5)) -> #REF!
A6: 4 | B6: 46324 | C6: 45238 | D6: 2023 | E6: ='Data Board'!B38 -> #REF! | F6: =IF($E6="","",E6/[1]المدخلات!$B$5) -> #REF! | G6: =IF($E6="","",SUM(E$3:E6)/[1]المدخلات!$B$5) -> #REF! | H6: =IF($E6="","",SUM(E$3:E6)) -> #REF! | I6: =IF($E6="","",E6*[1]المدخلات!$B$8) -> #REF! | J6: =IF($E6="","",E6*[1]المدخلات!$B$9) -> #REF! | K6: =IF($E6="","",E6-I6-J6) -> #REF! | N6: 0 | O6: 0 | P6: =IF($E6="","",N(L6)+N6+O6) -> #REF! | Q6: =IF($E6="","",K6-P6) -> #REF! | R6: =IF($E6="","",SUM(Q$3:Q6)) -> #REF!
A7: 5 | B7: 45239 | C7: 45319 | D7: 2024 | E7: ='Data Board'!B39 -> #REF! | F7: =IF($E7="","",E7/[1]المدخلات!$B$5) -> #REF! | G7: =IF($E7="","",SUM(E$3:E7)/[1]المدخلات!$B$5) -> #REF! | H7: =IF($E7="","",SUM(E$3:E7)) -> #REF! | I7: =IF($E7="","",E7*[1]المدخلات!$B$8) -> #REF! | J7: =IF($E7="","",E7*[1]المدخلات!$B$9) -> #REF! | K7: =IF($E7="","",E7-I7-J7) -> #REF! | L7: 27000 | M7: (عدم تواجد المهندس المدني 45 يوم ) | N7: 0 | O7: 0 | P7: =IF($E7="","",N(L7)+N7+O7) -> #REF! | Q7: =IF($E7="","",K7-P7) -> #REF! | R7: =IF($E7="","",SUM(Q$3:Q7)) -> #REF!
A8: 6 | B8: 45319 | C8: 45347 | D8: 2024 | E8: ='Data Board'!B40 -> #REF! | F8: =IF($E8="","",E8/[1]المدخلات!$B$5) -> #REF! | G8: =IF($E8="","",SUM(E$3:E8)/[1]المدخلات!$B$5) -> #REF! | H8: =IF($E8="","",SUM(E$3:E8)) -> #REF! | I8: =IF($E8="","",E8*[1]المدخلات!$B$8) -> #REF! | J8: =IF($E8="","",E8*[1]المدخلات!$B$9) -> #REF! | K8: =IF($E8="","",E8-I8-J8) -> #REF! | N8: 0 | O8: 0 | P8: =IF($E8="","",N(L8)+N8+O8) -> #REF! | Q8: =IF($E8="","",K8-P8) -> #REF! | R8: =IF($E8="","",SUM(Q$3:Q8)) -> #REF!
A9: 7 | B9: 45411 | C9: 45379 | D9: 2024 | E9: ='Data Board'!B41 -> #REF! | F9: =IF($E9="","",E9/[1]المدخلات!$B$5) -> #REF! | G9: =IF($E9="","",SUM(E$3:E9)/[1]المدخلات!$B$5) -> #REF! | H9: =IF($E9="","",SUM(E$3:E9)) -> #REF! | I9: =IF($E9="","",E9*[1]المدخلات!$B$8) -> #REF! | J9: =IF($E9="","",E9*[1]المدخلات!$B$9) -> #REF! | K9: =IF($E9="","",E9-I9-J9) -> #REF! | N9: 0 | O9: 0 | P9: =IF($E9="","",N(L9)+N9+O9) -> #REF! | Q9: =IF($E9="","",K9-P9) -> #REF! | R9: =IF($E9="","",SUM(Q$3:Q9)) -> #REF!
A10: 8 | B10: 45359 | C10: 45411 | D10: 2024 | E10: ='Data Board'!B42 -> #REF! | F10: =IF($E10="","",E10/[1]المدخلات!$B$5) -> #REF! | G10: =IF($E10="","",SUM(E$3:E10)/[1]المدخلات!$B$5) -> #REF! | H10: =IF($E10="","",SUM(E$3:E10)) -> #REF! | I10: =IF($E10="","",E10*[1]المدخلات!$B$8) -> #REF! | J10: =IF($E10="","",E10*[1]المدخلات!$B$9) -> #REF! | K10: =IF($E10="","",E10-I10-J10) -> #REF! | N10: 0 | O10: 0 | P10: =IF($E10="","",N(L10)+N10+O10) -> #REF! | Q10: =IF($E10="","",K10-P10) -> #REF! | R10: =IF($E10="","",SUM(Q$3:Q10)) -> #REF!
A11: 9 | B11: April 30, 2024 | C11: May 22, 2024 | D11: 2024 | E11: ='Data Board'!B43 -> #REF! | F11: =IF($E11="","",E11/[1]المدخلات!$B$5) -> #REF! | G11: =IF($E11="","",SUM(E$3:E11)/[1]المدخلات!$B$5) -> #REF! | H11: =IF($E11="","",SUM(E$3:E11)) -> #REF! | I11: =IF($E11="","",E11*[1]المدخلات!$B$8) -> #REF! | J11: =IF($E11="","",E11*[1]المدخلات!$B$9) -> #REF! | K11: =IF($E11="","",E11-I11-J11) -> #REF! | N11: 0 | O11: 0 | P11: =IF($E11="","",N(L11)+N11+O11) -> #REF! | Q11: =IF($E11="","",K11-P11) -> #REF! | R11: =IF($E11="","",SUM(Q$3:Q11)) -> #REF!
A12: 10 | B12: June 11, 2024 | C12: July 29, 2024 | D12: 2024 | E12: ='Data Board'!B44 -> #REF! | F12: =IF($E12="","",E12/[1]المدخلات!$B$5) -> #REF! | G12: =IF($E12="","",SUM(E$3:E12)/[1]المدخلات!$B$5) -> #REF! | H12: =IF($E12="","",SUM(E$3:E12)) -> #REF! | I12: =IF($E12="","",E12*[1]المدخلات!$B$8) -> #REF! | J12: =IF($E12="","",E12*[1]المدخلات!$B$9) -> #REF! | K12: =IF($E12="","",E12-I12-J12) -> #REF! | N12: 0 | O12: 0 | P12: =IF($E12="","",N(L12)+N12+O12) -> #REF! | Q12: =IF($E12="","",K12-P12) -> #REF! | R12: =IF($E12="","",SUM(Q$3:Q12)) -> #REF!
A13: 11 | B13: May 23, 2024 | C13: June 10, 2024 | D13: 2024 | E13: ='Data Board'!$B$45 -> #REF! | F13: =IF($E13="","",E13/[1]المدخلات!$B$5) -> #REF! | G13: =IF($E13="","",SUM(E$3:E13)/[1]المدخلات!$B$5) -> #REF! | H13: =IF($E13="","",SUM(E$3:E13)) -> #REF! | I13: =IF($E13="","",E13*[1]المدخلات!$B$8) -> #REF! | J13: =IF($E13="","",E13*[1]المدخلات!$B$9) -> #REF! | K13: =IF($E13="","",E13-I13-J13) -> #REF! | N13: 0 | O13: 0 | P13: =IF($E13="","",N(L13)+N13+O13) -> #REF! | Q13: =IF($E13="","",K13-P13) -> #REF! | R13: =IF($E13="","",SUM(Q$3:Q13)) -> #REF!
A14: 12 | B14: July 30, 2024 | C14: August 28, 2024 | D14: 2024 | E14: ='Data Board'!B46 -> #REF! | F14: =IF($E14="","",E14/[1]المدخلات!$B$5) -> #REF! | G14: =IF($E14="","",SUM(E$3:E14)/[1]المدخلات!$B$5) -> #REF! | H14: =IF($E14="","",SUM(E$3:E14)) -> #REF! | I14: =IF($E14="","",E14*[1]المدخلات!$B$8) -> #REF! | J14: =IF($E14="","",E14*[1]المدخلات!$B$9) -> #REF! | K14: =IF($E14="","",E14-I14-J14) -> #REF! | N14: 0 | O14: 0 | P14: =IF($E14="","",N(L14)+N14+O14) -> #REF! | Q14: =IF($E14="","",K14-P14) -> #REF! | R14: =IF($E14="","",SUM(Q$3:Q14)) -> #REF!
A15: 13 | B15: August 29, 2024 | C15: September 29, 2024 | D15: 2024 | E15: ='Data Board'!B47 -> #REF! | F15: =IF($E15="","",E15/[1]المدخلات!$B$5) -> #REF! | G15: =IF($E15="","",SUM(E$3:E15)/[1]المدخلات!$B$5) -> #REF! | H15: =IF($E15="","",SUM(E$3:E15)) -> #REF! | I15: =IF($E15="","",E15*[1]المدخلات!$B$8) -> #REF! | J15: =IF($E15="","",E15*[1]المدخلات!$B$9) -> #REF! | K15: =IF($E15="","",E15-I15-J15) -> #REF! | N15: 0 | O15: 0 | P15: =IF($E15="","",N(L15)+N15+O15) -> #REF! | Q15: =IF($E15="","",K15-P15) -> #REF! | R15: =IF($E15="","",SUM(Q$3:Q15)) -> #REF!
A16: 14 | B16: September 30, 2024 | C16: October 28, 2024 | D16: 2024 | E16: ='Data Board'!B48 -> #REF! | F16: =IF($E16="","",E16/[1]المدخلات!$B$5) -> #REF! | G16: =IF($E16="","",SUM(E$3:E16)/[1]المدخلات!$B$5) -> #REF! | H16: =IF($E16="","",SUM(E$3:E16)) -> #REF! | I16: =IF($E16="","",E16*[1]المدخلات!$B$8) -> #REF! | J16: =IF($E16="","",E16*[1]المدخلات!$B$9) -> #REF! | K16: =IF($E16="","",E16-I16-J16) -> #REF! | N16: 0 | O16: 0 | P16: =IF($E16="","",N(L16)+N16+O16) -> #REF! | Q16: =IF($E16="","",K16-P16) -> #REF! | R16: =IF($E16="","",SUM(Q$3:Q16)) -> #REF!
A17: 15 | B17: October 29, 2024 | C17: November 19, 2024 | D17: 2024 | E17: ='Data Board'!B49 -> #REF! | F17: =IF($E17="","",E17/[1]المدخلات!$B$5) -> #REF! | G17: =IF($E17="","",SUM(E$3:E17)/[1]المدخلات!$B$5) -> #REF! | H17: =IF($E17="","",SUM(E$3:E17)) -> #REF! | I17: =IF($E17="","",E17*[1]المدخلات!$B$8) -> #REF! | J17: =IF($E17="","",E17*[1]المدخلات!$B$9) -> #REF! | K17: =IF($E17="","",E17-I17-J17) -> #REF! | N17: 0 | O17: 0 | P17: =IF($E17="","",N(L17)+N17+O17) -> #REF! | Q17: =IF($E17="","",K17-P17) -> #REF! | R17: =IF($E17="","",SUM(Q$3:Q17)) -> #REF!
A18: 16 | B18: November 20, 2024 | C18: December 31, 2024 | D18: 2024 | E18: ='Data Board'!B50 -> #REF! | F18: =IF($E18="","",E18/[1]المدخلات!$B$5) -> #REF! | G18: =IF($E18="","",SUM(E$3:E18)/[1]المدخلات!$B$5) -> #REF! | H18: =IF($E18="","",SUM(E$3:E18)) -> #REF! | I18: =IF($E18="","",E18*[1]المدخلات!$B$8) -> #REF! | J18: =IF($E18="","",E18*[1]المدخلات!$B$9) -> #REF! | K18: =IF($E18="","",E18-I18-J18) -> #REF! | N18: 0 | O18: 0 | P18: =IF($E18="","",N(L18)+N18+O18) -> #REF! | Q18: =IF($E18="","",K18-P18) -> #REF! | R18: =IF($E18="","",SUM(Q$3:Q18)) -> #REF!
A19: 17 | B19: January 1, 2025 | C19: February 25, 2025 | D19: 2025 | E19: ='Data Board'!B51 -> #REF! | F19: =IF($E19="","",E19/[1]المدخلات!$B$5) -> #REF! | G19: =IF($E19="","",SUM(E$3:E19)/[1]المدخلات!$B$5) -> #REF! | H19: =IF($E19="","",SUM(E$3:E19)) -> #REF! | I19: =IF($E19="","",E19*[1]المدخلات!$B$8) -> #REF! | J19: =IF($E19="","",E19*[1]المدخلات!$B$9) -> #REF! | K19: =IF($E19="","",E19-I19-J19) -> #REF! | N19: 0 | O19: 0 | P19: =IF($E19="","",N(L19)+N19+O19) -> #REF! | Q19: =IF($E19="","",K19-P19) -> #REF! | R19: =IF($E19="","",SUM(Q$3:Q19)) -> #REF!
A20: 18 | B20: February 26, 2025 | C20: March 23, 2025 | D20: 2025 | E20: ='Data Board'!B52 -> #REF! | F20: =IF($E20="","",E20/[1]المدخلات!$B$5) -> #REF! | G20: =IF($E20="","",SUM(E$3:E20)/[1]المدخلات!$B$5) -> #REF! | H20: =IF($E20="","",SUM(E$3:E20)) -> #REF! | I20: =IF($E20="","",E20*[1]المدخلات!$B$8) -> #REF! | J20: =IF($E20="","",E20*[1]المدخلات!$B$9) -> #REF! | K20: =IF($E20="","",E20-I20-J20) -> #REF! | N20: 0 | O20: 0 | P20: =IF($E20="","",N(L20)+N20+O20) -> #REF! | Q20: =IF($E20="","",K20-P20) -> #REF! | R20: =IF($E20="","",SUM(Q$3:Q20)) -> #REF!
A21: 19 | B21: March 24, 2025 | C21: April 28, 2025 | D21: 2025 | E21: ='Data Board'!B53 -> #REF! | F21: =IF($E21="","",E21/[1]المدخلات!$B$5) -> #REF! | G21: =IF($E21="","",SUM(E$3:E21)/[1]المدخلات!$B$5) -> #REF! | H21: =IF($E21="","",SUM(E$3:E21)) -> #REF! | I21: =IF($E21="","",E21*[1]المدخلات!$B$8) -> #REF! | J21: =IF($E21="","",E21*[1]المدخلات!$B$9) -> #REF! | K21: =IF($E21="","",E21-I21-J21) -> #REF! | N21: 0 | O21: 0 | P21: =IF($E21="","",N(L21)+N21+O21) -> #REF! | Q21: =IF($E21="","",K21-P21) -> #REF! | R21: =IF($E21="","",SUM(Q$3:Q21)) -> #REF!
A22: 20 | B22: April 29, 2025 | C22: May 25, 2025 | D22: 2025 | E22: ='Data Board'!B54 -> #REF! | F22: =IF($E22="","",E22/[1]المدخلات!$B$5) -> #REF! | G22: =IF($E22="","",SUM(E$3:E22)/[1]المدخلات!$B$5) -> #REF! | H22: =IF($E22="","",SUM(E$3:E22)) -> #REF! | I22: =IF($E22="","",E22*[1]المدخلات!$B$8) -> #REF! | J22: =IF($E22="","",E22*[1]المدخلات!$B$9) -> #REF! | K22: =IF($E22="","",E22-I22-J22) -> #REF! | N22: 0 | O22: 0 | P22: =IF($E22="","",N(L22)+N22+O22) -> #REF! | Q22: =IF($E22="","",K22-P22) -> #REF! | R22: =IF($E22="","",SUM(Q$3:Q22)) -> #REF!
A23: 21 | B23: May 26, 2025 | C23: June 26, 2025 | D23: 2025 | E23: ='Data Board'!B55 -> #REF! | F23: =IF($E23="","",E23/[1]المدخلات!$B$5) -> #REF! | G23: =IF($E23="","",SUM(E$3:E23)/[1]المدخلات!$B$5) -> #REF! | H23: =IF($E23="","",SUM(E$3:E23)) -> #REF! | I23: =IF($E23="","",E23*[1]المدخلات!$B$8) -> #REF! | J23: =IF($E23="","",E23*[1]المدخلات!$B$9) -> #REF! | K23: =IF($E23="","",E23-I23-J23) -> #REF! | N23: 0 | O23: 0 | P23: =IF($E23="","",N(L23)+N23+O23) -> #REF! | Q23: =IF($E23="","",K23-P23) -> #REF! | R23: =IF($E23="","",SUM(Q$3:Q23)) -> #REF!
A24: 22 | B24: June 27, 2025 | C24: July 30, 2025 | D24: 2025 | E24: ='Data Board'!B56 -> #REF! | F24: =IF($E24="","",E24/[1]المدخلات!$B$5) -> #REF! | G24: =IF($E24="","",SUM(E$3:E24)/[1]المدخلات!$B$5) -> #REF! | H24: =IF($E24="","",SUM(E$3:E24)) -> #REF! | I24: =IF($E24="","",E24*[1]المدخلات!$B$8) -> #REF! | J24: =IF($E24="","",E24*[1]المدخلات!$B$9) -> #REF! | K24: =IF($E24="","",E24-I24-J24) -> #REF! | N24: 0 | O24: 0 | P24: =IF($E24="","",N(L24)+N24+O24) -> #REF! | Q24: =IF($E24="","",K24-P24) -> #REF! | R24: =IF($E24="","",SUM(Q$3:Q24)) -> #REF!
A25: 23 | B25: July 31, 2025 | C25: August 28, 2025 | D25: 2025 | E25: ='Data Board'!B57 -> #REF! | F25: =IF($E25="","",E25/[1]المدخلات!$B$5) -> #REF! | G25: =IF($E25="","",SUM(E$3:E25)/[1]المدخلات!$B$5) -> #REF! | H25: =IF($E25="","",SUM(E$3:E25)) -> #REF! | I25: =IF($E25="","",E25*[1]المدخلات!$B$8) -> #REF! | J25: =IF($E25="","",E25*[1]المدخلات!$B$9) -> #REF! | K25: =IF($E25="","",E25-I25-J25) -> #REF! | N25: 0 | O25: 0 | P25: =IF($E25="","",N(L25)+N25+O25) -> #REF! | Q25: =IF($E25="","",K25-P25) -> #REF! | R25: =IF($E25="","",SUM(Q$3:Q25)) -> #REF!
A26: 24 | B26: August 29, 2025 | C26: September 29, 2025 | D26: 2025 | E26: ='Data Board'!B58 -> #REF! | F26: =IF($E26="","",E26/[1]المدخلات!$B$5) -> #REF! | G26: =IF($E26="","",SUM(E$3:E26)/[1]المدخلات!$B$5) -> #REF! | H26: =IF($E26="","",SUM(E$3:E26)) -> #REF! | I26: =IF($E26="","",E26*[1]المدخلات!$B$8) -> #REF! | J26: =IF($E26="","",E26*[1]المدخلات!$B$9) -> #REF! | K26: =IF($E26="","",E26-I26-J26) -> #REF! | L26: 11000 | M26: (عدم تواجد مدير المشروع 11 يوم عمل) | N26: 0 | O26: 0 | P26: =IF($E26="","",N(L26)+N26+O26) -> #REF! | Q26: =IF($E26="","",K26-P26) -> #REF! | R26: =IF($E26="","",SUM(Q$3:Q26)) -> #REF!
A27: 25 | B27: September 30, 2025 | C27: October 28, 2025 | D27: 2025 | E27: ='Data Board'!B59 -> #REF! | F27: =IF($E27="","",E27/[1]المدخلات!$B$5) -> #REF! | G27: =IF($E27="","",SUM(E$3:E27)/[1]المدخلات!$B$5) -> #REF! | H27: =IF($E27="","",SUM(E$3:E27)) -> #REF! | I27: =IF($E27="","",E27*[1]المدخلات!$B$8) -> #REF! | J27: =IF($E27="","",E27*[1]المدخلات!$B$9) -> #REF! | K27: =IF($E27="","",E27-I27-J27) -> #REF! | N27: 0 | O27: 0 | P27: =IF($E27="","",N(L27)+N27+O27) -> #REF! | Q27: =IF($E27="","",K27-P27) -> #REF! | R27: =IF($E27="","",SUM(Q$3:Q27)) -> #REF!
A28: 26 | B28: October 29, 2025 | C28: November 26, 2025 | D28: 2025 | E28: ='Data Board'!B60 -> #REF! | F28: =IF($E28="","",E28/[1]المدخلات!$B$5) -> #REF! | G28: =IF($E28="","",SUM(E$3:E28)/[1]المدخلات!$B$5) -> #REF! | H28: =IF($E28="","",SUM(E$3:E28)) -> #REF! | I28: =IF($E28="","",E28*[1]المدخلات!$B$8) -> #REF! | J28: =IF($E28="","",E28*[1]المدخلات!$B$9) -> #REF! | K28: =IF($E28="","",E28-I28-J28) -> #REF! | L28: 4000 | M28: (عدم تواجد فني أنظمة وتركيبات 10 يوم عمل) | N28: 0 | O28: 0 | P28: =IF($E28="","",N(L28)+N28+O28) -> #REF! | Q28: =IF($E28="","",K28-P28) -> #REF! | R28: =IF($E28="","",SUM(Q$3:Q28)) -> #REF!
A29: 27 | B29: November 27, 2025 | C29: April 20, 2026 | D29: 2026 | E29: ='Data Board'!B61 -> #REF! | F29: =IF($E29="","",E29/[1]المدخلات!$B$5) -> #REF! | G29: =IF($E29="","",SUM(E$3:E29)/[1]المدخلات!$B$5) -> #REF! | H29: =IF($E29="","",SUM(E$3:E29)) -> #REF! | I29: =IF($E29="","",E29*[1]المدخلات!$B$8) -> #REF! | J29: =IF($E29="","",E29*[1]المدخلات!$B$9) -> #REF! | K29: =IF($E29="","",E29-I29-J29) -> #REF! | L29: 22000 | M29: (عدم تواجد فني أنظمة وتركيبات 35 يوم عمل+عدم تواجد مدير المشروع 8 يوم عمل) | N29: 0 | O29: 0 | P29: =IF($E29="","",N(L29)+N29+O29) -> #REF! | Q29: =IF($E29="","",K29-P29) -> #REF! | R29: =IF($E29="","",SUM(Q$3:Q29)) -> #REF!
A30: 28 | B30: April 21, 2026 | C30: May 19, 2026 | D30: 2026 | E30: ='Data Board'!B62 -> #REF! | F30: =IF($E30="","",E30/[1]المدخلات!$B$5) -> #REF! | G30: =IF($E30="","",SUM(E$3:E30)/[1]المدخلات!$B$5) -> #REF! | H30: =IF($E30="","",SUM(E$3:E30)) -> #REF! | I30: =IF($E30="","",E30*[1]المدخلات!$B$8) -> #REF! | J30: =IF($E30="","",E30*[1]المدخلات!$B$9) -> #REF! | K30: =IF($E30="","",E30-I30-J30) -> #REF! | N30: ='Late&Supervision payment fee'!$L$13 -> #VALUE! | O30: ='Late&Supervision payment fee'!$J$28 -> 131299.78 | P30: =IF($E30="","",N(L30)+N30+O30) -> #REF! | Q30: =IF($E30="","",K30-P30) -> #REF! | R30: =IF($E30="","",SUM(Q$3:Q30)) -> #REF!
A31: 29 | B31: May 20, 2026 | C31: June 30, 2026 | D31: 2026 | E31: ='Data Board'!B63 -> #REF! | F31: =IF($E31="","",E31/[1]المدخلات!$B$5) -> #REF! | G31: =IF($E31="","",SUM(E$3:E31)/[1]المدخلات!$B$5) -> #REF! | H31: =IF($E31="","",SUM(E$3:E31)) -> #REF! | I31: =IF($E31="","",E31*[1]المدخلات!$B$8) -> #REF! | J31: =IF($E31="","",E31*[1]المدخلات!$B$9) -> #REF! | K31: =IF($E31="","",E31-I31-J31) -> #REF! | N31: ='Late&Supervision payment fee'!$L$14 -> #VALUE! | O31: ='Late&Supervision payment fee'!$J$29 -> 192473.55 | P31: =IF($E31="","",N(L31)+N31+O31) -> #REF! | Q31: =IF($E31="","",K31-P31) -> #REF! | R31: =IF($E31="","",SUM(Q$3:Q31)) -> #REF!
A32: 30 | B32: July 1, 2026 | C32: July 27, 2026 | D32: 2026 | E32: ='Data Board'!B64 -> #REF! | F32: =IF($E32="","",E32/[1]المدخلات!$B$5) -> #REF! | G32: =IF($E32="","",SUM(E$3:E32)/[1]المدخلات!$B$5) -> #REF! | H32: =IF($E32="","",SUM(E$3:E32)) -> #REF! | I32: =IF($E32="","",E32*[1]المدخلات!$B$8) -> #REF! | J32: =IF($E32="","",E32*[1]المدخلات!$B$9) -> #REF! | K32: =IF($E32="","",E32-I32-J32) -> #REF! | L32: 2000 | M32: (عدم تواجد مدير المشروع 2 يوم عمل) | N32: ='Late&Supervision payment fee'!$L$15 -> #VALUE! | O32: ='Late&Supervision payment fee'!$J$30 -> 120855.48 | P32: =IF($E32="","",N(L32)+N32+O32) -> #REF! | Q32: =IF($E32="","",K32-P32) -> #REF! | R32: =IF($E32="","",SUM(Q$3:Q32)) -> #REF!
A33: 31 | B33: July 28, 2026 | C33: August 26, 2026 | D33: 2026 | E33: ='Data Board'!B65 -> #REF! | F33: =IF($E33="","",E33/[1]المدخلات!$B$5) -> #REF! | G33: =IF($E33="","",SUM(E$3:E33)/[1]المدخلات!$B$5) -> #REF! | H33: =IF($E33="","",SUM(E$3:E33)) -> #REF! | I33: =IF($E33="","",E33*[1]المدخلات!$B$8) -> #REF! | J33: =IF($E33="","",E33*[1]المدخلات!$B$9) -> #REF! | K33: =IF($E33="","",E33-I33-J33) -> #REF! | L33: 25000 | M33: (عدم تواجد مدير المشروع 25 يوم عمل) | N33: ='Late&Supervision payment fee'!$L$16 -> #VALUE! | O33: ='Late&Supervision payment fee'!$J$31 -> 134283.87 | P33: =IF($E33="","",N(L33)+N33+O33) -> #REF! | Q33: =IF($E33="","",K33-P33) -> #REF! | R33: =IF($E33="","",SUM(Q$3:Q33)) -> #REF!
A34: 32 | B34: 46261 | C34: September 21, 2026 | D34: 2026 | E34: ='Data Board'!B66 -> #REF! | F34: =IF($E34="","",E34/[1]المدخلات!$B$5) -> #REF! | G34: =IF($E34="","",SUM(E$3:E34)/[1]المدخلات!$B$5) -> #REF! | H34: =IF($E34="","",SUM(E$3:E34)) -> #REF! | I34: =IF($E34="","",E34*[1]المدخلات!$B$8) -> #REF! | J34: =IF($E34="","",E34*[1]المدخلات!$B$9) -> #REF! | K34: =IF($E34="","",E34-I34-J34) -> #REF! | N34: ='Late&Supervision payment fee'!$L$17 -> #VALUE! | O34: ='Late&Supervision payment fee'!$J$32 -> 119512.65 | P34: =IF($E34="","",N(L34)+N34+O34) -> #REF! | Q34: =IF($E34="","",K34-P34) -> #REF! | R34: =IF($E34="","",SUM(Q$3:Q34)) -> #REF!
A35: 33 | B35: 46287 | C35: 46320 | D35: 2026 | F35: =IF($E35="","",E35/[1]المدخلات!$B$5) | G35: =IF($E35="","",SUM(E$3:E35)/[1]المدخلات!$B$5) | H35: =IF($E35="","",SUM(E$3:E35)) | I35: =IF($E35="","",E35*[1]المدخلات!$B$8) | J35: =IF($E35="","",E35*[1]المدخلات!$B$9) | K35: =IF($E35="","",E35-I35-J35) | N35: ='Late&Supervision payment fee'!L18 | O35: =IF($E35="","",SUMIF('[1]نتائج غرامة الإشراف'!$A$3:$A$35,$A35,'[1]نتائج غرامة الإشراف'!$H$3:$H$35)) | P35: =IF($E35="","",N(L35)+N35+O35) | Q35: =IF($E35="","",K35-P35) | R35: =IF($E35="","",SUM(Q$3:Q35))
A36: 34 | D36: 2026 | F36: =IF($E36="","",E36/[1]المدخلات!$B$5) | G36: =IF($E36="","",SUM(E$3:E36)/[1]المدخلات!$B$5) | H36: =IF($E36="","",SUM(E$3:E36)) | I36: =IF($E36="","",E36*[1]المدخلات!$B$8) | J36: =IF($E36="","",E36*[1]المدخلات!$B$9) | K36: =IF($E36="","",E36-I36-J36) | N36: =IF($E36="","",SUMIF('[1]نتائج غرامة التأخير'!$A$3:$A$11,$A36,'[1]نتائج غرامة التأخير'!$J$3:$J$11)) | O36: =IF($E36="","",SUMIF('[1]نتائج غرامة الإشراف'!$A$3:$A$35,$A36,'[1]نتائج غرامة الإشراف'!$H$3:$H$35)) | P36: =IF($E36="","",N(L36)+N36+O36) | Q36: =IF($E36="","",K36-P36) | R36: =IF($E36="","",SUM(Q$3:Q36))
A37: 35 | F37: =IF($E37="","",E37/[1]المدخلات!$B$5) | G37: =IF($E37="","",SUM(E$3:E37)/[1]المدخلات!$B$5) | H37: =IF($E37="","",SUM(E$3:E37)) | I37: =IF($E37="","",E37*[1]المدخلات!$B$8) | J37: =IF($E37="","",E37*[1]المدخلات!$B$9) | K37: =IF($E37="","",E37-I37-J37) | N37: =IF($E37="","",SUMIF('[1]نتائج غرامة التأخير'!$A$3:$A$11,$A37,'[1]نتائج غرامة التأخير'!$J$3:$J$11)) | O37: =IF($E37="","",SUMIF('[1]نتائج غرامة الإشراف'!$A$3:$A$35,$A37,'[1]نتائج غرامة الإشراف'!$H$3:$H$35)) | P37: =IF($E37="","",N(L37)+N37+O37) | Q37: =IF($E37="","",K37-P37) | R37: =IF($E37="","",SUM(Q$3:Q37))
A38: 36 | F38: =IF($E38="","",E38/[1]المدخلات!$B$5) | G38: =IF($E38="","",SUM(E$3:E38)/[1]المدخلات!$B$5) | H38: =IF($E38="","",SUM(E$3:E38)) | I38: =IF($E38="","",E38*[1]المدخلات!$B$8) | J38: =IF($E38="","",E38*[1]المدخلات!$B$9) | K38: =IF($E38="","",E38-I38-J38) | N38: =IF($E38="","",SUMIF('[1]نتائج غرامة التأخير'!$A$3:$A$11,$A38,'[1]نتائج غرامة التأخير'!$J$3:$J$11)) | O38: =IF($E38="","",SUMIF('[1]نتائج غرامة الإشراف'!$A$3:$A$35,$A38,'[1]نتائج غرامة الإشراف'!$H$3:$H$35)) | P38: =IF($E38="","",N(L38)+N38+O38) | Q38: =IF($E38="","",K38-P38) | R38: =IF($E38="","",SUM(Q$3:Q38))
A40: قيمة العقد المعتمدة | B40: ='Progress Report'!J3 -> #VALUE! | D40: البند | F40: القيمة (ريال) | G40: % من العقد | J40: السنة | K40: عدد المستخلصات | L40: قيمة الأعمال | M40: % من العقد
A41: مدة المشروع (يوم عمل) | B41: 839 | D41: إجمالي الأعمال المنجزة (المفوتر) | F41: =E2 -> #REF! | G41: =($F$41/$B$40) -> #REF! | J41: 2023 | K41: =COUNTIF(D3:D38,J41) -> 4 | L41: =SUMIF(D1:D38,J41,E1:E38) -> #REF! | M41: =L41/B40 -> #REF!
A42: الدفعة المقدمة المنصرفة | B42: 6860536 | D42: استقطاع الدفعة المقدمة المتراكم | F42: =I2 -> #REF! | G42: =F42/B40 -> #REF! | J42: 2024 | K42: =COUNTIF(D4:D39,J42) -> 12 | L42: =SUMIF(D2:D39,J42,E2:E39) -> #REF! | M42: =L42/B40 -> #REF!
A43: نسبة استقطاع الدفعة المقدمة | B43: 0.1 | D43: رصيد الدفعة المقدمة المتبقي للاستقطاع | F43: =B42-F42 -> #REF! | G43: =F43/B40 -> #REF! | J43: 2025 | K43: =COUNTIF(D5:D40,J43) -> 10 | L43: =SUMIF(D3:D40,J43,E3:E39) -> #REF! | M43: =L43/B40 -> #REF!
A44: نسبة احتجاز المستخلص الختامي | B44: 0.1 | D44: المحتجز للمستخلص الختامي | F44: =J2 -> #REF! | G44: =F44/B40 -> #REF! | J44: 2026 | K44: =COUNTIF(D6:D41,J44) -> 8 | L44: =SUMIF(D4:D41,J44,E4:E39) -> #REF! | M44: =L44/B40 -> #REF!
A45: التكلفة الشهرية لطاقم الإشراف | B45: 138760 | D45: حسومات أخرى (عدم تواجد فريق العمل) | F45: =L2 -> 210000 | G45: =F45/B40 -> #VALUE! | J45: 2027 | K45: =COUNTIF(D7:D42,J45) -> 0 | L45: =SUMIF(D5:D42,J45,E5:E39) -> 0 | M45: =L45/B44 -> 0
A46: التكلفة اليومية للمشروع | B46: =ROUND(B40/B41,0) -> #VALUE! | D46: غرامات التأخير | F46: =N2 -> #VALUE! | G46: =F46/B40 -> #VALUE! | J46: 2028 | K46: =COUNTIF(D8:D43,J46) -> 0 | L46: =SUMIF(D6:D43,J46,E6:E39) -> 0 | M46: =L46/B45 -> 0
D47: غرامات الإشراف | F47: =O2 -> 698425.33 | G47: =F47/B40 -> #VALUE! | J47: الإجمالي | K47: =SUM(K41:K46) -> 34 | L47: =SUM(L41:L46) -> #REF! | M47: =IF([1]المدخلات!$B$5=0,0,L47/[1]المدخلات!$B$5) -> #REF!
D48: إجمالي الحسومات والغرامات | F48: =P2 -> #REF! | G48: =F48/B40 -> #REF!
D49: صافي المستحق عن المستخلصات | F49: =Q2 -> #REF! | G49: =F49/B40 -> #REF!
D50: إجمالي المنصرف الفعلي (شامل الدفعة المقدمة) | F50: =B42+Q2 -> #REF! | G50: =F50/B40 -> #REF!
D51: الصافي + الاستقطاعات + المحتجز + الحسومات والغرامات | F51: =ROUND((Q2+I2+P2+J2-E2),0) -> #REF!
N59: 4/30/2024 | O59: 5/22/2024
N60: 6/11/2024 | O60: 7/29/2024
O61: 5/23/2024 | P61: 6/10/2024
N62: 7/30/2024 | O62: 8/28/2024
N63: 8/29/2024 | O63: 9/29/2024
N64: 9/30/2024 | O64: 10/28/2024
N65: 10/29/2024 | O65: 11/19/2024
N66: 11/20/2024 | O66: 12/31/2024
N67: 1/1/2025 | O67: 2/25/2025
N68: 2/26/2025 | O68: 3/23/2025
N69: 3/24/2025 | O69: 4/28/2025
O70: 4/29/2025 | P70: 5/25/2025
O71: 5/26/2025 | P71: 6/26/2025
O72: 7/30/2025 | P72: 6/27/2025
O73: 8/28/2025 | P73: 7/31/2025
O74: 9/29/2025 | P74: 8/29/2025
O75: 10/28/2025 | P75: 9/30/2025
O76: 11/26/2025 | P76: 10/29/2025
O77: 11/27/2025 | P77: 4/20/2026
O78: 5/19/2026 | P78: 4/21/2026
O79: 6/30/2026 | P79: 5/20/2026
O80: 7/27/2026 | P80: 7/1/2026
O81: 7/28/2026 | P81: 8/26/2026
O82: 8/28/2026 | P82: 9/21/2026

Sheet Progress Report
A3: =COUNT(A5:A354) -> 29 | B3: الإجمالي | I3: =SUM(I5:I354) -> #VALUE! | J3: =SUM(J5:J354) -> #VALUE! | K3: =SUM(K5:K354) -> #VALUE! | L3: =SUM(L5:L354) -> 6052370 | M3: =IF(J3=0,0,L3/J3) -> #VALUE! | P3: =SUM(P5:P354) -> #VALUE! | Q3: =IF(J3=0,0,P3/J3) -> #VALUE!
A4: م | B4: رقم البند | C4: وصف البند | D4: الوحدة | E4: سعر الوحدة (SAR) | F4: الكمية الأصلية (B.Q) | G4: الكمية المعتمدة (C.R) | H4: فرق الكمية | I4: القيمة الأصلية (SAR) | J4: القيمة المعتمدة (SAR) | K4: فرق القيمة (أمر التغيير) | L4: إجمالي المفوتر (SAR) | M4: نسبة الإنجاز الفعلية % | N4: الكمية المنجزة | O4: الكمية المتبقية | P4: القيمة المتبقية (SAR) | Q4: نسبة المتبقي % | R4: المتبقي | S4: الحالة | T4: حالة أمر التغيير | U4: المجموعة | V4: مفتاح ترتيب المتبقي | W4: مفتاح ترتيب الفرق | X4: صف البند في SUMMARY | Y4: فرق عن TOTAL
A5: =IF($X5="","",ROW()-4) -> 1 | B5: =IF($X5="","",INDEX('Tracker&Invoice'!$A:$A,$X5)) -> D-001 | C5: =IF($X5="","",INDEX('Tracker&Invoice'!$B:$B,$X5)) -> التصاميم التفصيلية وتصاميم المرحلة الثالثة Stage 3 Design Package | D5: =IF($X5="","",INDEX('Tracker&Invoice'!$E:$E,$X5)) -> عدد | E5: =IF($X5="","",INDEX('Tracker&Invoice'!$F:$F,$X5)) -> 2840000 | F5: =IF($X5="","",INDEX('Tracker&Invoice'!$C:$C,$X5)) -> 1 | G5: =IF($X5="","",INDEX('Tracker&Invoice'!$D:$D,$X5)) -> 1 | H5: =IF($X5="","",G5-F5) -> 0 | I5: =IF($X5="","",F5*E5) -> 2840000 | J5: =IF($X5="","",G5*E5) -> 2840000 | K5: =IF($X5="","",J5-I5) -> 0 | L5: =IF($X5="","",SUMIF('Details Data Board'!$C$3:$C$6001,B5,'Details Data Board'!$I$3:$I$6001)) -> 2840000 | M5: =IF($X5="","",IF(J5=0,0,L5/J5)) -> 1 | N5: =IF($X5="","",M5*G5) -> 1 | O5: =IF($X5="","",G5-N5) -> 0 | P5: =IF($X5="","",J5-L5) -> 0 | Q5: =IF($X5="","",IF(J5=0,0,P5/J5)) -> 0 | R5: =IF($X5="","",IF(INT(O5)=O5,TEXT(O5,"#,##0"),TEXT(O5,"#,##0.00"))&" "&D5&" | "&TEXT(P5,"#,##0")&" ريال | "&TEXT(Q5,"0.0%")) -> 0 عدد | 0 ريال | 0.0% | S5: =IF($X5="","",IF(L5<=0,"لم يبدأ",IF(P5<-0.5,"تجاوز 100% - راجع",IF(P5<=0.5,"مكتمل","جاري")))) -> مكتمل | T5: =IF($X5="","",IF(AND(F5=0,G5>0),"جديد بأمر التغيير",IF(AND(G5=0,F5>0),"ملغي",IF(G5>F5,"زيادة",IF(G5<F5,"نقص","بدون تغيير"))))) -> بدون تغيير | U5: =IF($X5="","",IFERROR(LEFT(B5,FIND("-",B5)-1),B5)) -> D | V5: =IF($X5="","",P5+ROW()/1000000) -> 5e-06 | W5: =IF($X5="","",K5+ROW()/1000000) -> 5e-06 | X5: =IFERROR(MATCH(ROW()-4,'Details Data Board'!$A$3:$A$6001,0)+1,"") -> 4 | Y5: =IF($X5="",0,ROUND(INDEX('Tracker&Invoice'!$G:$G,$X5)-J5,2)) -> 0
A6: =IF($X6="","",ROW()-4) -> 2 | B6: =IF($X6="","",INDEX('Tracker&Invoice'!$A:$A,$X6)) -> D-002 | C6: =IF($X6="","",INDEX('Tracker&Invoice'!$B:$B,$X6)) -> الهندسة والتصميم IFC, Shop drawings and Stage 4 drawings | D6: =IF($X6="","",INDEX('Tracker&Invoice'!$E:$E,$X6)) -> عدد | E6: =IF($X6="","",INDEX('Tracker&Invoice'!$F:$F,$X6)) -> 2630000 | F6: =IF($X6="","",INDEX('Tracker&Invoice'!$C:$C,$X6)) -> 1 | G6: =IF($X6="","",INDEX('Tracker&Invoice'!$D:$D,$X6)) -> 1 | H6: =IF($X6="","",G6-F6) -> 0 | I6: =IF($X6="","",F6*E6) -> 2630000 | J6: =IF($X6="","",G6*E6) -> 2630000 | K6: =IF($X6="","",J6-I6) -> 0 | L6: =IF($X6="","",SUMIF('Details Data Board'!$C$3:$C$6001,B6,'Details Data Board'!$I$3:$I$6001)) -> 1578000 | M6: =IF($X6="","",IF(J6=0,0,L6/J6)) -> 0.6 | N6: =IF($X6="","",M6*G6) -> 0.6 | O6: =IF($X6="","",G6-N6) -> 0.4 | P6: =IF($X6="","",J6-L6) -> 1052000 | Q6: =IF($X6="","",IF(J6=0,0,P6/J6)) -> 0.4 | R6: =IF($X6="","",IF(INT(O6)=O6,TEXT(O6,"#,##0"),TEXT(O6,"#,##0.00"))&" "&D6&" | "&TEXT(P6,"#,##0")&" ريال | "&TEXT(Q6,"0.0%")) -> 0.40 عدد | 1,052,000 ريال | 40.0% | S6: =IF($X6="","",IF(L6<=0,"لم يبدأ",IF(P6<-0.5,"تجاوز 100% - راجع",IF(P6<=0.5,"مكتمل","جاري")))) -> جاري | T6: =IF($X6="","",IF(AND(F6=0,G6>0),"جديد بأمر التغيير",IF(AND(G6=0,F6>0),"ملغي",IF(G6>F6,"زيادة",IF(G6<F6,"نقص","بدون تغيير"))))) -> بدون تغيير | U6: =IF($X6="","",IFERROR(LEFT(B6,FIND("-",B6)-1),B6)) -> D | V6: =IF($X6="","",P6+ROW()/1000000) -> 1052000 | W6: =IF($X6="","",K6+ROW()/1000000) -> 6e-06 | X6: =IFERROR(MATCH(ROW()-4,'Details Data Board'!$A$3:$A$6001,0)+1,"") -> 17 | Y6: =IF($X6="",0,ROUND(INDEX('Tracker&Invoice'!$G:$G,$X6)-J6,2)) -> 0
A7: =IF($X7="","",ROW()-4) -> 3 | B7: =IF($X7="","",INDEX('Tracker&Invoice'!$A:$A,$X7)) -> D-003 | C7: =IF($X7="","",INDEX('Tracker&Invoice'!$B:$B,$X7)) -> تدريب المشغلين وموظفي الصيانة Training of Operators and Maintenance Personnel | D7: =IF($X7="","",INDEX('Tracker&Invoice'!$E:$E,$X7)) -> عدد | E7: =IF($X7="","",INDEX('Tracker&Invoice'!$F:$F,$X7)) -> 110000 | F7: =IF($X7="","",INDEX('Tracker&Invoice'!$C:$C,$X7)) -> 1 | G7: =IF($X7="","",INDEX('Tracker&Invoice'!$D:$D,$X7)) -> 1 | H7: =IF($X7="","",G7-F7) -> 0 | I7: =IF($X7="","",F7*E7) -> 110000 | J7: =IF($X7="","",G7*E7) -> 110000 | K7: =IF($X7="","",J7-I7) -> 0 | L7: =IF($X7="","",SUMIF('Details Data Board'!$C$3:$C$6001,B7,'Details Data Board'!$I$3:$I$6001)) -> 0 | M7: =IF($X7="","",IF(J7=0,0,L7/J7)) -> 0 | N7: =IF($X7="","",M7*G7) -> 0 | O7: =IF($X7="","",G7-N7) -> 1 | P7: =IF($X7="","",J7-L7) -> 110000 | Q7: =IF($X7="","",IF(J7=0,0,P7/J7)) -> 1 | R7: =IF($X7="","",IF(INT(O7)=O7,TEXT(O7,"#,##0"),TEXT(O7,"#,##0.00"))&" "&D7&" | "&TEXT(P7,"#,##0")&" ريال | "&TEXT(Q7,"0.0%")) -> 1 عدد | 110,000 ريال | 100.0% | S7: =IF($X7="","",IF(L7<=0,"لم يبدأ",IF(P7<-0.5,"تجاوز 100% - راجع",IF(P7<=0.5,"مكتمل","جاري")))) -> لم يبدأ | T7: =IF($X7="","",IF(AND(F7=0,G7>0),"جديد بأمر التغيير",IF(AND(G7=0,F7>0),"ملغي",IF(G7>F7,"زيادة",IF(G7<F7,"نقص","بدون تغيير"))))) -> بدون تغيير | U7: =IF($X7="","",IFERROR(LEFT(B7,FIND("-",B7)-1),B7)) -> D | V7: =IF($X7="","",P7+ROW()/1000000) -> 110000 | W7: =IF($X7="","",K7+ROW()/1000000) -> 7e-06 | X7: =IFERROR(MATCH(ROW()-4,'Details Data Board'!$A$3:$A$6001,0)+1,"") -> 48 | Y7: =IF($X7="",0,ROUND(INDEX('Tracker&Invoice'!$G:$G,$X7)-J7,2)) -> 0
A8: =IF($X8="","",ROW()-4) -> 4 | B8: =IF($X8="","",INDEX('Tracker&Invoice'!$A:$A,$X8)) -> BQ-001 | C8: =IF($X8="","",INDEX('Tracker&Invoice'!$B:$B,$X8)) -> محمول شبكة مركزي مع جميع الكابلات ذات الصلة والملحقات والأجهزة التمهيدية وأجهزة الشبكة Central Redundant Network Core Switch with all related cabling, accessories, prepherals and network devices | D8: =IF($X8="","",INDEX('Tracker&Invoice'!$E:$E,$X8)) -> عدد | E8: =IF($X8="","",INDEX('Tracker&Invoice'!$F:$F,$X8)) -> 130000 | F8: =IF($X8="","",INDEX('Tracker&Invoice'!$C:$C,$X8)) -> 4 | G8: =IF($X8="","",INDEX('Tracker&Invoice'!$D:$D,$X8)) -> 4 | H8: =IF($X8="","",G8-F8) -> 0 | I8: =IF($X8="","",F8*E8) -> 520000 | J8: =IF($X8="","",G8*E8) -> 520000 | K8: =IF($X8="","",J8-I8) -> 0 | L8: =IF($X8="","",SUMIF('Details Data Board'!$C$3:$C$6001,B8,'Details Data Board'!$I$3:$I$6001)) -> 416000 | M8: =IF($X8="","",IF(J8=0,0,L8/J8)) -> 0.8 | N8: =IF($X8="","",M8*G8) -> 3.2 | O8: =IF($X8="","",G8-N8) -> 0.8 | P8: =IF($X8="","",J8-L8) -> 104000 | Q8: =IF($X8="","",IF(J8=0,0,P8/J8)) -> 0.2 | R8: =IF($X8="","",IF(INT(O8)=O8,TEXT(O8,"#,##0"),TEXT(O8,"#,##0.00"))&" "&D8&" | "&TEXT(P8,"#,##0")&" ريال | "&TEXT(Q8,"0.0%")) -> 0.80 عدد | 104,000 ريال | 20.0% | S8: =IF($X8="","",IF(L8<=0,"لم يبدأ",IF(P8<-0.5,"تجاوز 100% - راجع",IF(P8<=0.5,"مكتمل","جاري")))) -> جاري | T8: =IF($X8="","",IF(AND(F8=0,G8>0),"جديد بأمر التغيير",IF(AND(G8=0,F8>0),"ملغي",IF(G8>F8,"زيادة",IF(G8<F8,"نقص","بدون تغيير"))))) -> بدون تغيير | U8: =IF($X8="","",IFERROR(LEFT(B8,FIND("-",B8)-1),B8)) -> BQ | V8: =IF($X8="","",P8+ROW()/1000000) -> 104000 | W8: =IF($X8="","",K8+ROW()/1000000) -> 8e-06 | X8: =IFERROR(MATCH(ROW()-4,'Details Data Board'!$A$3:$A$6001,0)+1,"") -> 59 | Y8: =IF($X8="",0,ROUND(INDEX('Tracker&Invoice'!$G:$G,$X8)-J8,2)) -> 0
A9: =IF($X9="","",ROW()-4) -> 5 | B9: =IF($X9="","",INDEX('Tracker&Invoice'!$A:$A,$X9)) -> BQ-002 | C9: =IF($X9="","",INDEX('Tracker&Invoice'!$B:$B,$X9)) -> محول شبكة جيجابايت مع جميع الكابلات ذات الصلة والملحقات والأجهزة التمهيدية وأجهزة الشبكة Gigabit Network Switch with all related cabling, accessories, prepherals and network devices | D9: =IF($X9="","",INDEX('Tracker&Invoice'!$E:$E,$X9)) -> عدد | E9: =IF($X9="","",INDEX('Tracker&Invoice'!$F:$F,$X9)) -> 19600 | F9: =IF($X9="","",INDEX('Tracker&Invoice'!$C:$C,$X9)) -> 10 | G9: =IF($X9="","",INDEX('Tracker&Invoice'!$D:$D,$X9)) -> 10 | H9: =IF($X9="","",G9-F9) -> 0 | I9: =IF($X9="","",F9*E9) -> 196000 | J9: =IF($X9="","",G9*E9) -> 196000 | K9: =IF($X9="","",J9-I9) -> 0 | L9: =IF($X9="","",SUMIF('Details Data Board'!$C$3:$C$6001,B9,'Details Data Board'!$I$3:$I$6001)) -> 78400 | M9: =IF($X9="","",IF(J9=0,0,L9/J9)) -> 0.4 | N9: =IF($X9="","",M9*G9) -> 4 | O9: =IF($X9="","",G9-N9) -> 6 | P9: =IF($X9="","",J9-L9) -> 117600 | Q9: =IF($X9="","",IF(J9=0,0,P9/J9)) -> 0.6 | R9: =IF($X9="","",IF(INT(O9)=O9,TEXT(O9,"#,##0"),TEXT(O9,"#,##0.00"))&" "&D9&" | "&TEXT(P9,"#,##0")&" ريال | "&TEXT(Q9,"0.0%")) -> 6 عدد | 117,600 ريال | 60.0% | S9: =IF($X9="","",IF(L9<=0,"لم يبدأ",IF(P9<-0.5,"تجاوز 100% - راجع",IF(P9<=0.5,"مكتمل","جاري")))) -> جاري | T9: =IF($X9="","",IF(AND(F9=0,G9>0),"جديد بأمر التغيير",IF(AND(G9=0,F9>0),"ملغي",IF(G9>F9,"زيادة",IF(G9<F9,"نقص","بدون تغيير"))))) -> بدون تغيير | U9: =IF($X9="","",IFERROR(LEFT(B9,FIND("-",B9)-1),B9)) -> BQ | V9: =IF($X9="","",P9+ROW()/1000000) -> 117600 | W9: =IF($X9="","",K9+ROW()/1000000) -> 9e-06 | X9: =IFERROR(MATCH(ROW()-4,'Details Data Board'!$A$3:$A$6001,0)+1,"") -> 79 | Y9: =IF($X9="",0,ROUND(INDEX('Tracker&Invoice'!$G:$G,$X9)-J9,2)) -> 0
A10: =IF($X10="","",ROW()-4) -> 6 | B10: =IF($X10="","",INDEX('Tracker&Invoice'!$A:$A,$X10)) -> BQ-003 | C10: =IF($X10="","",INDEX('Tracker&Invoice'!$B:$B,$X10)) -> كابينة المعدات الميدانية بما في ذلك جميع إمدادات الطاقة وكابلات الطاقة والبيانات إلى FEC وجميع المعدات الأمنية والمفاتيح الصناعية ولوحات التصحيح و CBs و TB وجميع الملحقات الكهربائية والاتصالات ذات الصلة وجميع الأعمال اللازمة لإكمال البند. Field Equipment cabinets including all power supplies, power and data cabling to the FEC and all security equipment, Industrial switches, patch panels, CBs, TBs, and all related electrical and communications accessories and all necessary work to complete the item. | D10: =IF($X10="","",INDEX('Tracker&Invoice'!$E:$E,$X10)) -> عدد | E10: =IF($X10="","",INDEX('Tracker&Invoice'!$F:$F,$X10)) -> 23700 | F10: =IF($X10="","",INDEX('Tracker&Invoice'!$C:$C,$X10)) -> 66 | G10: =IF($X10="","",INDEX('Tracker&Invoice'!$D:$D,$X10)) -> 61 | H10: =IF($X10="","",G10-F10) -> -5 | I10: =IF($X10="","",F10*E10) -> 1564200 | J10: =IF($X10="","",G10*E10) -> 1445700 | K10: =IF($X10="","",J10-I10) -> -118500 | L10: =IF($X10="","",SUMIF('Details Data Board'!$C$3:$C$6001,B10,'Details Data Board'!$I$3:$I$6001)) -> 1139970 | M10: =IF($X10="","",IF(J10=0,0,L10/J10)) -> 0.78852459 | N10: =IF($X10="","",M10*G10) -> 48.1 | O10: =IF($X10="","",G10-N10) -> 12.9 | P10: =IF($X10="","",J10-L10) -> 305730 | Q10: =IF($X10="","",IF(J10=0,0,P10/J10)) -> 0.21147541 | R10: =IF($X10="","",IF(INT(O10)=O10,TEXT(O10,"#,##0"),TEXT(O10,"#,##0.00"))&" "&D10&" | "&TEXT(P10,"#,##0")&" ريال | "&TEXT(Q10,"0.0%")) -> 12.90 عدد | 305,730 ريال | 21.1% | S10: =IF($X10="","",IF(L10<=0,"لم يبدأ",IF(P10<-0.5,"تجاوز 100% - راجع",IF(P10<=0.5,"مكتمل","جاري")))) -> جاري | T10: =IF($X10="","",IF(AND(F10=0,G10>0),"جديد بأمر التغيير",IF(AND(G10=0,F10>0),"ملغي",IF(G10>F10,"زيادة",IF(G10<F10,"نقص","بدون تغيير"))))) -> نقص | U10: =IF($X10="","",IFERROR(LEFT(B10,FIND("-",B10)-1),B10)) -> BQ | V10: =IF($X10="","",P10+ROW()/1000000) -> 305730 | W10: =IF($X10="","",K10+ROW()/1000000) -> -118500 | X10: =IFERROR(MATCH(ROW()-4,'Details Data Board'!$A$3:$A$6001,0)+1,"") -> 103 | Y10: =IF($X10="",0,ROUND(INDEX('Tracker&Invoice'!$G:$G,$X10)-J10,2)) -> 0
A11: =IF($X11="","",ROW()-4) -> 7 | B11: =IF($X11="","",INDEX('Tracker&Invoice'!$A:$A,$X11)) -> ITEM | C11: =IF($X11="","",INDEX('Tracker&Invoice'!$B:$B,$X11)) -> Description | D11: =IF($X11="","",INDEX('Tracker&Invoice'!$E:$E,$X11)) -> UNITE | E11: =IF('Tracker&Invoice'!D139:D140="","",INDEX('Tracker&Invoice'!$F:$F,$X11)) -> #VALUE! | F11: =IF($X11="","",INDEX('Tracker&Invoice'!$C:$C,$X11)) -> OLD QUANTITY | G11: =IF($X11="","",INDEX('Tracker&Invoice'!$D:$D,$X11)) -> C.R QUANTITY | H11: =IF($X11="","",G11-F11) -> #VALUE! | I11: =IF($X11="","",F11*E11) -> #VALUE! | J11: =IF($X11="","",G11*E11) -> #VALUE! | K11: =IF($X11="","",J11-I11) -> #VALUE! | L11: =IF($X11="","",SUMIF('Details Data Board'!$C$3:$C$6001,B11,'Details Data Board'!$I$3:$I$6001)) -> 0 | M11: =IF($X11="","",IF(J11=0,0,L11/J11)) -> #VALUE! | N11: =IF($X11="","",M11*G11) -> #VALUE! | O11: =IF($X11="","",G11-N11) -> #VALUE! | P11: =IF($X11="","",J11-L11) -> #VALUE! | Q11: =IF($X11="","",IF(J11=0,0,P11/J11)) -> #VALUE! | R11: =IF($X11="","",IF(INT(O11)=O11,TEXT(O11,"#,##0"),TEXT(O11,"#,##0.00"))&" "&D11&" | "&TEXT(P11,"#,##0")&" ريال | "&TEXT(Q11,"0.0%")) -> #VALUE! | S11: =IF($X11="","",IF(L11<=0,"لم يبدأ",IF(P11<-0.5,"تجاوز 100% - راجع",IF(P11<=0.5,"مكتمل","جاري")))) -> لم يبدأ | T11: =IF($X11="","",IF(AND(F11=0,G11>0),"جديد بأمر التغيير",IF(AND(G11=0,F11>0),"ملغي",IF(G11>F11,"زيادة",IF(G11<F11,"نقص","بدون تغيير"))))) -> نقص | U11: =IF($X11="","",IFERROR(LEFT(B11,FIND("-",B11)-1),B11)) -> ITEM | V11: =IF($X11="","",P11+ROW()/1000000) -> #VALUE! | W11: =IF($X11="","",K11+ROW()/1000000) -> #VALUE! | X11: =IFERROR(MATCH(ROW()-4,'Details Data Board'!$A$3:$A$6001,0)+1,"") -> 137 | Y11: =IF($X11="",0,ROUND(INDEX('Tracker&Invoice'!$G:$G,$X11)-J11,2)) -> #VALUE!
A12: =IF($X12="","",ROW()-4) -> 8 | B12: =IF($X12="","",INDEX('Tracker&Invoice'!$A:$A,$X12)) -> 0 | C12: =IF($X12="","",INDEX('Tracker&Invoice'!$B:$B,$X12)) -> Overall Completion percentage | D12: =IF($X12="","",INDEX('Tracker&Invoice'!$E:$E,$X12)) -> 0 | E12: =IF($X12="","",INDEX('Tracker&Invoice'!$F:$F,$X12)) -> 0 | F12: =IF($X12="","",INDEX('Tracker&Invoice'!$C:$C,$X12)) -> 0 | G12: =IF($X12="","",INDEX('Tracker&Invoice'!$D:$D,$X12)) -> 0 | H12: =IF($X12="","",G12-F12) -> 0 | I12: =IF($X12="","",F12*E12) -> 0 | J12: =IF($X12="","",G12*E12) -> 0 | K12: =IF($X12="","",J12-I12) -> 0 | L12: =IF($X12="","",SUMIF('Details Data Board'!$C$3:$C$6001,B12,'Details Data Board'!$I$3:$I$6001)) -> 0 | M12: =IF($X12="","",IF(J12=0,0,L12/J12)) -> 0 | N12: =IF($X12="","",M12*G12) -> 0 | O12: =IF($X12="","",G12-N12) -> 0 | P12: =IF($X12="","",J12-L12) -> 0 | Q12: =IF($X12="","",IF(J12=0,0,P12/J12)) -> 0 | R12: =IF($X12="","",IF(INT(O12)=O12,TEXT(O12,"#,##0"),TEXT(O12,"#,##0.00"))&" "&D12&" | "&TEXT(P12,"#,##0")&" ريال | "&TEXT(Q12,"0.0%")) -> 0 0 | 0 ريال | 0.0% | S12: =IF($X12="","",IF(L12<=0,"لم يبدأ",IF(P12<-0.5,"تجاوز 100% - راجع",IF(P12<=0.5,"مكتمل","جاري")))) -> لم يبدأ | T12: =IF($X12="","",IF(AND(F12=0,G12>0),"جديد بأمر التغيير",IF(AND(G12=0,F12>0),"ملغي",IF(G12>F12,"زيادة",IF(G12<F12,"نقص","بدون تغيير"))))) -> بدون تغيير | U12: =IF($X12="","",IFERROR(LEFT(B12,FIND("-",B12)-1),B12)) -> 0 | V12: =IF($X12="","",P12+ROW()/1000000) -> 1.2e-05 | W12: =IF($X12="","",K12+ROW()/1000000) -> 1.2e-05 | X12: =IFERROR(MATCH(ROW()-4,'Details Data Board'!$A$3:$A$6001,0)+1,"") -> 173 | Y12: =IF($X12="",0,ROUND(INDEX('Tracker&Invoice'!$G:$G,$X12)-J12,2)) -> 0
A13: =IF($X13="","",ROW()-4) -> 9 | B13: =IF($X13="","",INDEX('Tracker&Invoice'!$A:$A,$X13)) -> 0 | C13: =IF($X13="","",INDEX('Tracker&Invoice'!$B:$B,$X13)) -> INVOICE #13 | D13: =IF($X13="","",INDEX('Tracker&Invoice'!$E:$E,$X13)) -> 0 | E13: =IF($X13="","",INDEX('Tracker&Invoice'!$F:$F,$X13)) -> 0 | F13: =IF($X13="","",INDEX('Tracker&Invoice'!$C:$C,$X13)) -> 0 | G13: =IF($X13="","",INDEX('Tracker&Invoice'!$D:$D,$X13)) -> 0 | H13: =IF($X13="","",G13-F13) -> 0 | I13: =IF($X13="","",F13*E13) -> 0 | J13: =IF($X13="","",G13*E13) -> 0 | K13: =IF($X13="","",J13-I13) -> 0 | L13: =IF($X13="","",SUMIF('Details Data Board'!$C$3:$C$6001,B13,'Details Data Board'!$I$3:$I$6001)) -> 0 | M13: =IF($X13="","",IF(J13=0,0,L13/J13)) -> 0 | N13: =IF($X13="","",M13*G13) -> 0 | O13: =IF($X13="","",G13-N13) -> 0 | P13: =IF($X13="","",J13-L13) -> 0 | Q13: =IF($X13="","",IF(J13=0,0,P13/J13)) -> 0 | R13: =IF($X13="","",IF(INT(O13)=O13,TEXT(O13,"#,##0"),TEXT(O13,"#,##0.00"))&" "&D13&" | "&TEXT(P13,"#,##0")&" ريال | "&TEXT(Q13,"0.0%")) -> 0 0 | 0 ريال | 0.0% | S13: =IF($X13="","",IF(L13<=0,"لم يبدأ",IF(P13<-0.5,"تجاوز 100% - راجع",IF(P13<=0.5,"مكتمل","جاري")))) -> لم يبدأ | T13: =IF($X13="","",IF(AND(F13=0,G13>0),"جديد بأمر التغيير",IF(AND(G13=0,F13>0),"ملغي",IF(G13>F13,"زيادة",IF(G13<F13,"نقص","بدون تغيير"))))) -> بدون تغيير | U13: =IF($X13="","",IFERROR(LEFT(B13,FIND("-",B13)-1),B13)) -> 0 | V13: =IF($X13="","",P13+ROW()/1000000) -> 1.3e-05 | W13: =IF($X13="","",K13+ROW()/1000000) -> 1.3e-05 | X13: =IFERROR(MATCH(ROW()-4,'Details Data Board'!$A$3:$A$6001,0)+1,"") -> 195 | Y13: =IF($X13="",0,ROUND(INDEX('Tracker&Invoice'!$G:$G,$X13)-J13,2)) -> 0
A14: =IF($X14="","",ROW()-4) -> 10 | B14: =IF($X14="","",INDEX('Tracker&Invoice'!$A:$A,$X14)) -> 0 | C14: =IF($X14="","",INDEX('Tracker&Invoice'!$B:$B,$X14)) -> INVOICE #13 | D14: =IF($X14="","",INDEX('Tracker&Invoice'!$E:$E,$X14)) -> 0 | E14: =IF($X14="","",INDEX('Tracker&Invoice'!$F:$F,$X14)) -> 0 | F14: =IF($X14="","",INDEX('Tracker&Invoice'!$C:$C,$X14)) -> 0 | G14: =IF($X14="","",INDEX('Tracker&Invoice'!$D:$D,$X14)) -> 0 | H14: =IF($X14="","",G14-F14) -> 0 | I14: =IF($X14="","",F14*E14) -> 0 | J14: =IF($X14="","",G14*E14) -> 0 | K14: =IF($X14="","",J14-I14) -> 0 | L14: =IF($X14="","",SUMIF('Details Data Board'!$C$3:$C$6001,B14,'Details Data Board'!$I$3:$I$6001)) -> 0 | M14: =IF($X14="","",IF(J14=0,0,L14/J14)) -> 0 | N14: =IF($X14="","",M14*G14) -> 0 | O14: =IF($X14="","",G14-N14) -> 0 | P14: =IF($X14="","",J14-L14) -> 0 | Q14: =IF($X14="","",IF(J14=0,0,P14/J14)) -> 0 | R14: =IF($X14="","",IF(INT(O14)=O14,TEXT(O14,"#,##0"),TEXT(O14,"#,##0.00"))&" "&D14&" | "&TEXT(P14,"#,##0")&" ريال | "&TEXT(Q14,"0.0%")) -> 0 0 | 0 ريال | 0.0% | S14: =IF($X14="","",IF(L14<=0,"لم يبدأ",IF(P14<-0.5,"تجاوز 100% - راجع",IF(P14<=0.5,"مكتمل","جاري")))) -> لم يبدأ | T14: =IF($X14="","",IF(AND(F14=0,G14>0),"جديد بأمر التغيير",IF(AND(G14=0,F14>0),"ملغي",IF(G14>F14,"زيادة",IF(G14<F14,"نقص","بدون تغيير"))))) -> بدون تغيير | U14: =IF($X14="","",IFERROR(LEFT(B14,FIND("-",B14)-1),B14)) -> 0 | V14: =IF($X14="","",P14+ROW()/1000000) -> 1.4e-05 | W14: =IF($X14="","",K14+ROW()/1000000) -> 1.4e-05 | X14: =IFERROR(MATCH(ROW()-4,'Details Data Board'!$A$3:$A$6001,0)+1,"") -> 217 | Y14: =IF($X14="",0,ROUND(INDEX('Tracker&Invoice'!$G:$G,$X14)-J14,2)) -> 0
A15: =IF($X15="","",ROW()-4) -> 11 | B15: =IF($X15="","",INDEX('Tracker&Invoice'!$A:$A,$X15)) -> 0 | C15: =IF($X15="","",INDEX('Tracker&Invoice'!$B:$B,$X15)) -> INVOICE #12 | D15: =IF($X15="","",INDEX('Tracker&Invoice'!$E:$E,$X15)) -> 0 | E15: =IF($X15="","",INDEX('Tracker&Invoice'!$F:$F,$X15)) -> 0 | F15: =IF($X15="","",INDEX('Tracker&Invoice'!$C:$C,$X15)) -> 0 | G15: =IF($X15="","",INDEX('Tracker&Invoice'!$D:$D,$X15)) -> 0 | H15: =IF($X15="","",G15-F15) -> 0 | I15: =IF($X15="","",F15*E15) -> 0 | J15: =IF($X15="","",G15*E15) -> 0 | K15: =IF($X15="","",J15-I15) -> 0 | L15: =IF($X15="","",SUMIF('Details Data Board'!$C$3:$C$6001,B15,'Details Data Board'!$I$3:$I$6001)) -> 0 | M15: =IF($X15="","",IF(J15=0,0,L15/J15)) -> 0 | N15: =IF($X15="","",M15*G15) -> 0 | O15: =IF($X15="","",G15-N15) -> 0 | P15: =IF($X15="","",J15-L15) -> 0 | Q15: =IF($X15="","",IF(J15=0,0,P15/J15)) -> 0 | R15: =IF($X15="","",IF(INT(O15)=O15,TEXT(O15,"#,##0"),TEXT(O15,"#,##0.00"))&" "&D15&" | "&TEXT(P15,"#,##0")&" ريال | "&TEXT(Q15,"0.0%")) -> 0 0 | 0 ريال | 0.0% | S15: =IF($X15="","",IF(L15<=0,"لم يبدأ",IF(P15<-0.5,"تجاوز 100% - راجع",IF(P15<=0.5,"مكتمل","جاري")))) -> لم يبدأ | T15: =IF($X15="","",IF(AND(F15=0,G15>0),"جديد بأمر التغيير",IF(AND(G15=0,F15>0),"ملغي",IF(G15>F15,"زيادة",IF(G15<F15,"نقص","بدون تغيير"))))) -> بدون تغيير | U15: =IF($X15="","",IFERROR(LEFT(B15,FIND("-",B15)-1),B15)) -> 0 | V15: =IF($X15="","",P15+ROW()/1000000) -> 1.5e-05 | W15: =IF($X15="","",K15+ROW()/1000000) -> 1.5e-05 | X15: =IFERROR(MATCH(ROW()-4,'Details Data Board'!$A$3:$A$6001,0)+1,"") -> 239 | Y15: =IF($X15="",0,ROUND(INDEX('Tracker&Invoice'!$G:$G,$X15)-J15,2)) -> 0
A16: =IF($X16="","",ROW()-4) -> 12 | B16: =IF($X16="","",INDEX('Tracker&Invoice'!$A:$A,$X16)) -> 0 | C16: =IF($X16="","",INDEX('Tracker&Invoice'!$B:$B,$X16)) -> 0 | D16: =IF($X16="","",INDEX('Tracker&Invoice'!$E:$E,$X16)) -> 0 | E16: =IF($X16="","",INDEX('Tracker&Invoice'!$F:$F,$X16)) -> 0 | F16: =IF($X16="","",INDEX('Tracker&Invoice'!$C:$C,$X16)) -> 0 | G16: =IF($X16="","",INDEX('Tracker&Invoice'!$D:$D,$X16)) -> 0 | H16: =IF($X16="","",G16-F16) -> 0 | I16: =IF($X16="","",F16*E16) -> 0 | J16: =IF($X16="","",G16*E16) -> 0 | K16: =IF($X16="","",J16-I16) -> 0 | L16: =IF($X16="","",SUMIF('Details Data Board'!$C$3:$C$6001,B16,'Details Data Board'!$I$3:$I$6001)) -> 0 | M16: =IF($X16="","",IF(J16=0,0,L16/J16)) -> 0 | N16: =IF($X16="","",M16*G16) -> 0 | O16: =IF($X16="","",G16-N16) -> 0 | P16: =IF($X16="","",J16-L16) -> 0 | Q16: =IF($X16="","",IF(J16=0,0,P16/J16)) -> 0 | R16: =IF($X16="","",IF(INT(O16)=O16,TEXT(O16,"#,##0"),TEXT(O16,"#,##0.00"))&" "&D16&" | "&TEXT(P16,"#,##0")&" ريال | "&TEXT(Q16,"0.0%")) -> 0 0 | 0 ريال | 0.0% | S16: =IF($X16="","",IF(L16<=0,"لم يبدأ",IF(P16<-0.5,"تجاوز 100% - راجع",IF(P16<=0.5,"مكتمل","جاري")))) -> لم يبدأ | T16: =IF($X16="","",IF(AND(F16=0,G16>0),"جديد بأمر التغيير",IF(AND(G16=0,F16>0),"ملغي",IF(G16>F16,"زيادة",IF(G16<F16,"نقص","بدون تغيير"))))) -> بدون تغيير | U16: =IF($X16="","",IFERROR(LEFT(B16,FIND("-",B16)-1),B16)) -> 0 | V16: =IF($X16="","",P16+ROW()/1000000) -> 1.6e-05 | W16: =IF($X16="","",K16+ROW()/1000000) -> 1.6e-05 | X16: =IFERROR(MATCH(ROW()-4,'Details Data Board'!$A$3:$A$6001,0)+1,"") -> 257 | Y16: =IF($X16="",0,ROUND(INDEX('Tracker&Invoice'!$G:$G,$X16)-J16,2)) -> 0
A17: =IF($X17="","",ROW()-4) -> 13 | B17: =IF($X17="","",INDEX('Tracker&Invoice'!$A:$A,$X17)) -> 0 | C17: =IF($X17="","",INDEX('Tracker&Invoice'!$B:$B,$X17)) -> INVOICE #13 | D17: =IF($X17="","",INDEX('Tracker&Invoice'!$E:$E,$X17)) -> 0 | E17: =IF($X17="","",INDEX('Tracker&Invoice'!$F:$F,$X17)) -> 0 | F17: =IF($X17="","",INDEX('Tracker&Invoice'!$C:$C,$X17)) -> 0 | G17: =IF($X17="","",INDEX('Tracker&Invoice'!$D:$D,$X17)) -> 0 | H17: =IF($X17="","",G17-F17) -> 0 | I17: =IF($X17="","",F17*E17) -> 0 | J17: =IF($X17="","",G17*E17) -> 0 | K17: =IF($X17="","",J17-I17) -> 0 | L17: =IF($X17="","",SUMIF('Details Data Board'!$C$3:$C$6001,B17,'Details Data Board'!$I$3:$I$6001)) -> 0 | M17: =IF($X17="","",IF(J17=0,0,L17/J17)) -> 0 | N17: =IF($X17="","",M17*G17) -> 0 | O17: =IF($X17="","",G17-N17) -> 0 | P17: =IF($X17="","",J17-L17) -> 0 | Q17: =IF($X17="","",IF(J17=0,0,P17/J17)) -> 0 | R17: =IF($X17="","",IF(INT(O17)=O17,TEXT(O17,"#,##0"),TEXT(O17,"#,##0.00"))&" "&D17&" | "&TEXT(P17,"#,##0")&" ريال | "&TEXT(Q17,"0.0%")) -> 0 0 | 0 ريال | 0.0% | S17: =IF($X17="","",IF(L17<=0,"لم يبدأ",IF(P17<-0.5,"تجاوز 100% - راجع",IF(P17<=0.5,"مكتمل","جاري")))) -> لم يبدأ | T17: =IF($X17="","",IF(AND(F17=0,G17>0),"جديد بأمر التغيير",IF(AND(G17=0,F17>0),"ملغي",IF(G17>F17,"زيادة",IF(G17<F17,"نقص","بدون تغيير"))))) -> بدون تغيير | U17: =IF($X17="","",IFERROR(LEFT(B17,FIND("-",B17)-1),B17)) -> 0 | V17: =IF($X17="","",P17+ROW()/1000000) -> 1.7e-05 | W17: =IF($X17="","",K17+ROW()/1000000) -> 1.7e-05 | X17: =IFERROR(MATCH(ROW()-4,'Details Data Board'!$A$3:$A$6001,0)+1,"") -> 279 | Y17: =IF($X17="",0,ROUND(INDEX('Tracker&Invoice'!$G:$G,$X17)-J17,2)) -> 0
A18: =IF($X18="","",ROW()-4) -> 14 | B18: =IF($X18="","",INDEX('Tracker&Invoice'!$A:$A,$X18)) -> 0 | C18: =IF($X18="","",INDEX('Tracker&Invoice'!$B:$B,$X18)) -> INVOICE #14 | D18: =IF($X18="","",INDEX('Tracker&Invoice'!$E:$E,$X18)) -> 0 | E18: =IF($X18="","",INDEX('Tracker&Invoice'!$F:$F,$X18)) -> 0 | F18: =IF($X18="","",INDEX('Tracker&Invoice'!$C:$C,$X18)) -> 0 | G18: =IF($X18="","",INDEX('Tracker&Invoice'!$D:$D,$X18)) -> 0 | H18: =IF($X18="","",G18-F18) -> 0 | I18: =IF($X18="","",F18*E18) -> 0 | J18: =IF($X18="","",G18*E18) -> 0 | K18: =IF($X18="","",J18-I18) -> 0 | L18: =IF($X18="","",SUMIF('Details Data Board'!$C$3:$C$6001,B18,'Details Data Board'!$I$3:$I$6001)) -> 0 | M18: =IF($X18="","",IF(J18=0,0,L18/J18)) -> 0 | N18: =IF($X18="","",M18*G18) -> 0 | O18: =IF($X18="","",G18-N18) -> 0 | P18: =IF($X18="","",J18-L18) -> 0 | Q18: =IF($X18="","",IF(J18=0,0,P18/J18)) -> 0 | R18: =IF($X18="","",IF(INT(O18)=O18,TEXT(O18,"#,##0"),TEXT(O18,"#,##0.00"))&" "&D18&" | "&TEXT(P18,"#,##0")&" ريال | "&TEXT(Q18,"0.0%")) -> 0 0 | 0 ريال | 0.0% | S18: =IF($X18="","",IF(L18<=0,"لم يبدأ",IF(P18<-0.5,"تجاوز 100% - راجع",IF(P18<=0.5,"مكتمل","جاري")))) -> لم يبدأ | T18: =IF($X18="","",IF(AND(F18=0,G18>0),"جديد بأمر التغيير",IF(AND(G18=0,F18>0),"ملغي",IF(G18>F18,"زيادة",IF(G18<F18,"نقص","بدون تغيير"))))) -> بدون تغيير | U18: =IF($X18="","",IFERROR(LEFT(B18,FIND("-",B18)-1),B18)) -> 0 | V18: =IF($X18="","",P18+ROW()/1000000) -> 1.8e-05 | W18: =IF($X18="","",K18+ROW()/1000000) -> 1.8e-05 | X18: =IFERROR(MATCH(ROW()-4,'Details Data Board'!$A$3:$A$6001,0)+1,"") -> 301 | Y18: =IF($X18="",0,ROUND(INDEX('Tracker&Invoice'!$G:$G,$X18)-J18,2)) -> 0
A19: =IF($X19="","",ROW()-4) -> 15 | B19: =IF($X19="","",INDEX('Tracker&Invoice'!$A:$A,$X19)) -> 0 | C19: =IF($X19="","",INDEX('Tracker&Invoice'!$B:$B,$X19)) -> INVOICE #14 | D19: =IF($X19="","",INDEX('Tracker&Invoice'!$E:$E,$X19)) -> 0 | E19: =IF($X19="","",INDEX('Tracker&Invoice'!$F:$F,$X19)) -> 0 | F19: =IF($X19="","",INDEX('Tracker&Invoice'!$C:$C,$X19)) -> 0 | G19: =IF($X19="","",INDEX('Tracker&Invoice'!$D:$D,$X19)) -> 0 | H19: =IF($X19="","",G19-F19) -> 0 | I19: =IF($X19="","",F19*E19) -> 0 | J19: =IF($X19="","",G19*E19) -> 0 | K19: =IF($X19="","",J19-I19) -> 0 | L19: =IF($X19="","",SUMIF('Details Data Board'!$C$3:$C$6001,B19,'Details Data Board'!$I$3:$I$6001)) -> 0 | M19: =IF($X19="","",IF(J19=0,0,L19/J19)) -> 0 | N19: =IF($X19="","",M19*G19) -> 0 | O19: =IF($X19="","",G19-N19) -> 0 | P19: =IF($X19="","",J19-L19) -> 0 | Q19: =IF($X19="","",IF(J19=0,0,P19/J19)) -> 0 | R19: =IF($X19="","",IF(INT(O19)=O19,TEXT(O19,"#,##0"),TEXT(O19,"#,##0.00"))&" "&D19&" | "&TEXT(P19,"#,##0")&" ريال | "&TEXT(Q19,"0.0%")) -> 0 0 | 0 ريال | 0.0% | S19: =IF($X19="","",IF(L19<=0,"لم يبدأ",IF(P19<-0.5,"تجاوز 100% - راجع",IF(P19<=0.5,"مكتمل","جاري")))) -> لم يبدأ | T19: =IF($X19="","",IF(AND(F19=0,G19>0),"جديد بأمر التغيير",IF(AND(G19=0,F19>0),"ملغي",IF(G19>F19,"زيادة",IF(G19<F19,"نقص","بدون تغيير"))))) -> بدون تغيير | U19: =IF($X19="","",IFERROR(LEFT(B19,FIND("-",B19)-1),B19)) -> 0 | V19: =IF($X19="","",P19+ROW()/1000000) -> 1.9e-05 | W19: =IF($X19="","",K19+ROW()/1000000) -> 1.9e-05 | X19: =IFERROR(MATCH(ROW()-4,'Details Data Board'!$A$3:$A$6001,0)+1,"") -> 323 | Y19: =IF($X19="",0,ROUND(INDEX('Tracker&Invoice'!$G:$G,$X19)-J19,2)) -> 0
A20: =IF($X20="","",ROW()-4) -> 16 | B20: =IF($X20="","",INDEX('Tracker&Invoice'!$A:$A,$X20)) -> 0 | C20: =IF($X20="","",INDEX('Tracker&Invoice'!$B:$B,$X20)) -> INVOICE #14 | D20: =IF($X20="","",INDEX('Tracker&Invoice'!$E:$E,$X20)) -> 0 | E20: =IF($X20="","",INDEX('Tracker&Invoice'!$F:$F,$X20)) -> 0 | F20: =IF($X20="","",INDEX('Tracker&Invoice'!$C:$C,$X20)) -> 0 | G20: =IF($X20="","",INDEX('Tracker&Invoice'!$D:$D,$X20)) -> 0 | H20: =IF($X20="","",G20-F20) -> 0 | I20: =IF($X20="","",F20*E20) -> 0 | J20: =IF($X20="","",G20*E20) -> 0 | K20: =IF($X20="","",J20-I20) -> 0 | L20: =IF($X20="","",SUMIF('Details Data Board'!$C$3:$C$6001,B20,'Details Data Board'!$I$3:$I$6001)) -> 0 | M20: =IF($X20="","",IF(J20=0,0,L20/J20)) -> 0 | N20: =IF($X20="","",M20*G20) -> 0 | O20: =IF($X20="","",G20-N20) -> 0 | P20: =IF($X20="","",J20-L20) -> 0 | Q20: =IF($X20="","",IF(J20=0,0,P20/J20)) -> 0 | R20: =IF($X20="","",IF(INT(O20)=O20,TEXT(O20,"#,##0"),TEXT(O20,"#,##0.00"))&" "&D20&" | "&TEXT(P20,"#,##0")&" ريال | "&TEXT(Q20,"0.0%")) -> 0 0 | 0 ريال | 0.0% | S20: =IF($X20="","",IF(L20<=0,"لم يبدأ",IF(P20<-0.5,"تجاوز 100% - راجع",IF(P20<=0.5,"مكتمل","جاري")))) -> لم يبدأ | T20: =IF($X20="","",IF(AND(F20=0,G20>0),"جديد بأمر التغيير",IF(AND(G20=0,F20>0),"ملغي",IF(G20>F20,"زيادة",IF(G20<F20,"نقص","بدون تغيير"))))) -> بدون تغيير | U20: =IF($X20="","",IFERROR(LEFT(B20,FIND("-",B20)-1),B20)) -> 0 | V20: =IF($X20="","",P20+ROW()/1000000) -> 2e-05 | W20: =IF($X20="","",K20+ROW()/1000000) -> 2e-05 | X20: =IFERROR(MATCH(ROW()-4,'Details Data Board'!$A$3:$A$6001,0)+1,"") -> 345 | Y20: =IF($X20="",0,ROUND(INDEX('Tracker&Invoice'!$G:$G,$X20)-J20,2)) -> 0
A21: =IF($X21="","",ROW()-4) -> 17 | B21: =IF($X21="","",INDEX('Tracker&Invoice'!$A:$A,$X21)) -> 0 | C21: =IF($X21="","",INDEX('Tracker&Invoice'!$B:$B,$X21)) -> INVOICE #26 | D21: =IF($X21="","",INDEX('Tracker&Invoice'!$E:$E,$X21)) -> 0 | E21: =IF($X21="","",INDEX('Tracker&Invoice'!$F:$F,$X21)) -> 0 | F21: =IF($X21="","",INDEX('Tracker&Invoice'!$C:$C,$X21)) -> 0 | G21: =IF($X21="","",INDEX('Tracker&Invoice'!$D:$D,$X21)) -> 0 | H21: =IF($X21="","",G21-F21) -> 0 | I21: =IF($X21="","",F21*E21) -> 0 | J21: =IF($X21="","",G21*E21) -> 0 | K21: =IF($X21="","",J21-I21) -> 0 | L21: =IF($X21="","",SUMIF('Details Data Board'!$C$3:$C$6001,B21,'Details Data Board'!$I$3:$I$6001)) -> 0 | M21: =IF($X21="","",IF(J21=0,0,L21/J21)) -> 0 | N21: =IF($X21="","",M21*G21) -> 0 | O21: =IF($X21="","",G21-N21) -> 0 | P21: =IF($X21="","",J21-L21) -> 0 | Q21: =IF($X21="","",IF(J21=0,0,P21/J21)) -> 0 | R21: =IF($X21="","",IF(INT(O21)=O21,TEXT(O21,"#,##0"),TEXT(O21,"#,##0.00"))&" "&D21&" | "&TEXT(P21,"#,##0")&" ريال | "&TEXT(Q21,"0.0%")) -> 0 0 | 0 ريال | 0.0% | S21: =IF($X21="","",IF(L21<=0,"لم يبدأ",IF(P21<-0.5,"تجاوز 100% - راجع",IF(P21<=0.5,"مكتمل","جاري")))) -> لم يبدأ | T21: =IF($X21="","",IF(AND(F21=0,G21>0),"جديد بأمر التغيير",IF(AND(G21=0,F21>0),"ملغي",IF(G21>F21,"زيادة",IF(G21<F21,"نقص","بدون تغيير"))))) -> بدون تغيير | U21: =IF($X21="","",IFERROR(LEFT(B21,FIND("-",B21)-1),B21)) -> 0 | V21: =IF($X21="","",P21+ROW()/1000000) -> 2.1e-05 | W21: =IF($X21="","",K21+ROW()/1000000) -> 2.1e-05 | X21: =IFERROR(MATCH(ROW()-4,'Details Data Board'!$A$3:$A$6001,0)+1,"") -> 367 | Y21: =IF($X21="",0,ROUND(INDEX('Tracker&Invoice'!$G:$G,$X21)-J21,2)) -> 0
A22: =IF($X22="","",ROW()-4) -> 18 | B22: =IF($X22="","",INDEX('Tracker&Invoice'!$A:$A,$X22)) -> 0 | C22: =IF($X22="","",INDEX('Tracker&Invoice'!$B:$B,$X22)) -> INVOICE #16 | D22: =IF($X22="","",INDEX('Tracker&Invoice'!$E:$E,$X22)) -> 0 | E22: =IF($X22="","",INDEX('Tracker&Invoice'!$F:$F,$X22)) -> 0 | F22: =IF($X22="","",INDEX('Tracker&Invoice'!$C:$C,$X22)) -> 0 | G22: =IF($X22="","",INDEX('Tracker&Invoice'!$D:$D,$X22)) -> 0 | H22: =IF($X22="","",G22-F22) -> 0 | I22: =IF($X22="","",F22*E22) -> 0 | J22: =IF($X22="","",G22*E22) -> 0 | K22: =IF($X22="","",J22-I22) -> 0 | L22: =IF($X22="","",SUMIF('Details Data Board'!$C$3:$C$6001,B22,'Details Data Board'!$I$3:$I$6001)) -> 0 | M22: =IF($X22="","",IF(J22=0,0,L22/J22)) -> 0 | N22: =IF($X22="","",M22*G22) -> 0 | O22: =IF($X22="","",G22-N22) -> 0 | P22: =IF($X22="","",J22-L22) -> 0 | Q22: =IF($X22="","",IF(J22=0,0,P22/J22)) -> 0 | R22: =IF($X22="","",IF(INT(O22)=O22,TEXT(O22,"#,##0"),TEXT(O22,"#,##0.00"))&" "&D22&" | "&TEXT(P22,"#,##0")&" ريال | "&TEXT(Q22,"0.0%")) -> 0 0 | 0 ريال | 0.0% | S22: =IF($X22="","",IF(L22<=0,"لم يبدأ",IF(P22<-0.5,"تجاوز 100% - راجع",IF(P22<=0.5,"مكتمل","جاري")))) -> لم يبدأ | T22: =IF($X22="","",IF(AND(F22=0,G22>0),"جديد بأمر التغيير",IF(AND(G22=0,F22>0),"ملغي",IF(G22>F22,"زيادة",IF(G22<F22,"نقص","بدون تغيير"))))) -> بدون تغيير | U22: =IF($X22="","",IFERROR(LEFT(B22,FIND("-",B22)-1),B22)) -> 0 | V22: =IF($X22="","",P22+ROW()/1000000) -> 2.2e-05 | W22: =IF($X22="","",K22+ROW()/1000000) -> 2.2e-05 | X22: =IFERROR(MATCH(ROW()-4,'Details Data Board'!$A$3:$A$6001,0)+1,"") -> 389 | Y22: =IF($X22="",0,ROUND(INDEX('Tracker&Invoice'!$G:$G,$X22)-J22,2)) -> 0
A23: =IF($X23="","",ROW()-4) -> 19 | B23: =IF($X23="","",INDEX('Tracker&Invoice'!$A:$A,$X23)) -> 0 | C23: =IF($X23="","",INDEX('Tracker&Invoice'!$B:$B,$X23)) -> INVOICE #13 | D23: =IF($X23="","",INDEX('Tracker&Invoice'!$E:$E,$X23)) -> 0 | E23: =IF($X23="","",INDEX('Tracker&Invoice'!$F:$F,$X23)) -> 0 | F23: =IF($X23="","",INDEX('Tracker&Invoice'!$C:$C,$X23)) -> 0 | G23: =IF($X23="","",INDEX('Tracker&Invoice'!$D:$D,$X23)) -> 0 | H23: =IF($X23="","",G23-F23) -> 0 | I23: =IF($X23="","",F23*E23) -> 0 | J23: =IF($X23="","",G23*E23) -> 0 | K23: =IF($X23="","",J23-I23) -> 0 | L23: =IF($X23="","",SUMIF('Details Data Board'!$C$3:$C$6001,B23,'Details Data Board'!$I$3:$I$6001)) -> 0 | M23: =IF($X23="","",IF(J23=0,0,L23/J23)) -> 0 | N23: =IF($X23="","",M23*G23) -> 0 | O23: =IF($X23="","",G23-N23) -> 0 | P23: =IF($X23="","",J23-L23) -> 0 | Q23: =IF($X23="","",IF(J23=0,0,P23/J23)) -> 0 | R23: =IF($X23="","",IF(INT(O23)=O23,TEXT(O23,"#,##0"),TEXT(O23,"#,##0.00"))&" "&D23&" | "&TEXT(P23,"#,##0")&" ريال | "&TEXT(Q23,"0.0%")) -> 0 0 | 0 ريال | 0.0% | S23: =IF($X23="","",IF(L23<=0,"لم يبدأ",IF(P23<-0.5,"تجاوز 100% - راجع",IF(P23<=0.5,"مكتمل","جاري")))) -> لم يبدأ | T23: =IF($X23="","",IF(AND(F23=0,G23>0),"جديد بأمر التغيير",IF(AND(G23=0,F23>0),"ملغي",IF(G23>F23,"زيادة",IF(G23<F23,"نقص","بدون تغيير"))))) -> بدون تغيير | U23: =IF($X23="","",IFERROR(LEFT(B23,FIND("-",B23)-1),B23)) -> 0 | V23: =IF($X23="","",P23+ROW()/1000000) -> 2.3e-05 | W23: =IF($X23="","",K23+ROW()/1000000) -> 2.3e-05 | X23: =IFERROR(MATCH(ROW()-4,'Details Data Board'!$A$3:$A$6001,0)+1,"") -> 411 | Y23: =IF($X23="",0,ROUND(INDEX('Tracker&Invoice'!$G:$G,$X23)-J23,2)) -> 0
... A354: =IF($X354="","",ROW()-4) | B354: =IF($X354="","",INDEX('Tracker&Invoice'!$A:$A,$X354)) | C354: =IF($X354="","",INDEX('Tracker&Invoice'!$B:$B,$X354)) | D354: =IF($X354="","",INDEX('Tracker&Invoice'!$E:$E,$X354)) | E354: =IF($X354="","",INDEX('Tracker&Invoice'!$F:$F,$X354)) | F354: =IF($X354="","",INDEX('Tracker&Invoice'!$C:$C,$X354)) | G354: =IF($X354="","",INDEX('Tracker&Invoice'!$D:$D,$X354)) | H354: =IF($X354="","",G354-F354) | I354: =IF($X354="","",F354*E354) | J354: =IF($X354="","",G354*E354) | K354: =IF($X354="","",J354-I354) | L354: =IF($X354="","",SUMIF('Details Data Board'!$C$3:$C$6001,B354,'Details Data Board'!$I$3:$I$6001)) | M354: =IF($X354="","",IF(J354=0,0,L354/J354)) | N354: =IF($X354="","",M354*G354) | O354: =IF($X354="","",G354-N354) | P354: =IF($X354="","",J354-L354) | Q354: =IF($X354="","",IF(J354=0,0,P354/J354)) | R354: =IF($X354="","",IF(INT(O354)=O354,TEXT(O354,"#,##0"),TEXT(O354,"#,##0.00"))&" "&D354&" | "&TEXT(P354,"#,##0")&" ريال | "&TEXT(Q354,"0.0%")) | S354: =IF($X354="","",IF(L354<=0,"لم يبدأ",IF(P354<-0.5,"تجاوز 100% - راجع",IF(P354<=0.5,"مكتمل","جاري")))) | T354: =IF($X354="","",IF(AND(F354=0,G354>0),"جديد بأمر التغيير",IF(AND(G354=0,F354>0),"ملغي",IF(G354>F354,"زيادة",IF(G354<F354,"نقص","بدون تغيير"))))) | U354: =IF($X354="","",IFERROR(LEFT(B354,FIND("-",B354)-1),B354)) | V354: =IF($X354="","",P354+ROW()/1000000) | W354: =IF($X354="","",K354+ROW()/1000000) | X354: =IFERROR(MATCH(ROW()-4,'Details Data Board'!$A$3:$A$6001,0)+1,"") | Y354: =IF($X354="",0,ROUND(INDEX('Tracker&Invoice'!$G:$G,$X354)-J354,2)) -> 0

Sheet Late&Supervision payment fee
A2: مراحل غرامة التأخير (حسب العقد)
A3: المرحلة | B3: نسبة الغرامة من التكلفة اليومية | C3: الحد الأدنى (يوم) | D3: % من مدة المشروع | E3: الحد التراكمي (يوم)
A4: المرحلة الأولى | B4: 0.25 | C4: 15 | D4: 0.1 | E4: =ROUND(MAX(C4,D4*'Summry Invoices'!B41),0) -> 84
A5: المرحلة الثانية | B5: 0.5 | C5: 30 | D5: 0.15 | E5: =ROUND(MAX(C5,D5*'Summry Invoices'!B41),0) -> 126 | G5: 46320 | H5: 0.49861111
A6: المرحلة الثالثة | B6: 1 | C6: — | D6: — | E6: ما بعد المرحلة الثانية
A10: حساب غرامة التأخير
A11: رقم المستخلص | B11: الفترة | D11: أيام التأخير في الفترة | E11: التأخير التراكمي قبله | F11: أيام بغرامة 25% | G11: أيام بغرامة 50% | H11: أيام بغرامة 100% | I11: غرامة 25% | J11: غرامة 50% | K11: غرامة 100% | L11: إجمالي غرامة التأخير
A12: الإجمالي | D12: =SUM(D13:D21) -> 132 | F12: =SUM(F13:F21) -> 84 | G12: =SUM(G13:G21) -> 42 | H12: =SUM(H13:H21) -> 6 | I12: =SUM(I13:I21) -> #VALUE! | J12: =SUM(J13:J21) -> #VALUE! | K12: =SUM(K13:K21) -> #VALUE! | L12: =SUM(L13:L21) -> #VALUE!
A13: 28 | B13: ='Summry Invoices'!B30 -> April 21, 2026 | C13: ='Summry Invoices'!C30 -> May 19, 2026 | D13: =NETWORKDAYS.INTL(B13,C13,16) -> 25 | E13: =IF(D13="","",SUM(D$13:D13)-D13) -> 0 | F13: =IF(D13="","",MAX(0,MIN(E13+D13,E4)-E13)) -> 25 | G13: =IF(D13="","",MAX(0,MIN(E13+D13,[1]المدخلات!$E$15)-MAX(E13,[1]المدخلات!$E$14))) -> 0 | H13: =IF(D13="","",D13-F13-G13) -> 0 | I13: =IF(D13="","",F13*B4*'Summry Invoices'!$B$46) -> #VALUE! | J13: =IF(D13="","",G13*[1]المدخلات!$B$11*[1]المدخلات!$B$15) -> 0 | K13: =IF(D13="","",H13*[1]المدخلات!$B$11*[1]المدخلات!$B$16) -> 0 | L13: =IF(D13="","",SUM(I13:K13)) -> #VALUE!
A14: 29 | B14: ='Summry Invoices'!B31 -> May 20, 2026 | C14: ='Summry Invoices'!C31 -> June 30, 2026 | D14: =NETWORKDAYS.INTL(B14,C14,16) -> 36 | E14: =IF(D14="","",SUM(D$13:D14)-D14) -> 25 | F14: =IF(D14="","",MAX(0,MIN(E14+D14,E4)-E14)) -> 36 | G14: =IF(D14="","",MAX(0,MIN(E14+D14,[1]المدخلات!$E$15)-MAX(E14,[1]المدخلات!$E$14))) -> 0 | H14: =IF(D14="","",D14-F14-G14) -> 0 | I14: =IF(D14="","",F14*B4*'Summry Invoices'!$B$46) -> #VALUE! | J14: =IF(D14="","",G14*[1]المدخلات!$B$11*[1]المدخلات!$B$15) -> 0 | K14: =IF(D14="","",H14*[1]المدخلات!$B$11*[1]المدخلات!$B$16) -> 0 | L14: =IF(D14="","",SUM(I14:K14)) -> #VALUE!
A15: 30 | B15: ='Summry Invoices'!B32 -> July 1, 2026 | C15: ='Summry Invoices'!C32 -> July 27, 2026 | D15: =NETWORKDAYS.INTL(B15,C15,16) -> 23 | E15: =IF(D15="","",SUM(D$13:D15)-D15) -> 61 | F15: =IF(D15="","",MAX(0,MIN(E15+D15,E4)-E15)) -> 23 | G15: =IF(D15="","",MAX(0,MIN(E15+D15,[1]المدخلات!$E$15)-MAX(E15,[1]المدخلات!$E$14))) -> 0 | H15: =IF(D15="","",D15-F15-G15) -> 0 | I15: =IF($D$15="","",$F$15*$B$4*'Summry Invoices'!B$46) -> #VALUE! | J15: =IF(D15="","",G15*[1]المدخلات!$B$11*[1]المدخلات!$B$15) -> 0 | K15: =IF(D15="","",H15*[1]المدخلات!$B$11*[1]المدخلات!$B$16) -> 0 | L15: =IF(D15="","",SUM(I15:K15)) -> #VALUE!
A16: 31 | B16: ='Summry Invoices'!B33 -> July 28, 2026 | C16: ='Summry Invoices'!C33 -> August 26, 2026 | D16: =NETWORKDAYS.INTL(B16,C16,16) -> 26 | E16: =IF(D16="","",SUM(D$13:D16)-D16) -> 84 | F16: =IF(D16="","",MAX(0,MIN(E16+D16,[1]المدخلات!$E$14)-E16)) -> 0 | G16: =IF(D16="","",MAX(0,MIN(E16+D16,E5)-MAX(E16,E4))) -> 26 | H16: =IF(D16="","",D16-F16-G16) -> 0 | I16: =IF(D16="","",F16*[1]المدخلات!$B$11*[1]المدخلات!$B$14) -> 0 | J16: =IF($D$16="","",$G$16*$B$5*'Summry Invoices'!$B$46) -> #VALUE! | K16: =IF(D16="","",H16*[1]المدخلات!$B$11*[1]المدخلات!$B$16) -> 0 | L16: =IF(D16="","",SUM(I16:K16)) -> #VALUE!
A17: 32 | B17: ='Summry Invoices'!B34 -> 46261 | C17: ='Summry Invoices'!C34 -> September 21, 2026 | D17: =NETWORKDAYS.INTL(B17,C17,16) -> 22 | E17: =IF(D17="","",SUM(D$13:D17)-D17) -> 110 | F17: =IF(D17="","",MAX(0,MIN(E17+D17,[1]المدخلات!$E$14)-E17)) -> 0 | G17: =IF(D17="","",MAX(0,MIN(E17+D17,E5)-MAX(E17,E4))) -> 16 | H17: =IF(D17="","",D17-F17-G17) -> 6 | I17: =IF(D17="","",F17*[1]المدخلات!$B$11*[1]المدخلات!$B$14) -> 0 | J17: =IF($D$17="","",$G$17*$B$5*'Summry Invoices'!$B$46) -> #VALUE! | K17: =IF(D$17="","",$H$17*$B$6*'Summry Invoices'!$B$46) -> #VALUE! | L17: =IF(D17="","",SUM(I17:K17)) -> #VALUE!
A18: 33 | B18: ='Summry Invoices'!B35 -> 46287 | C18: ='Summry Invoices'!C35 -> 46320 | H18: =IF(D18="","",D18-F18-G18) | L18: =IF(D18="","",SUM(I18:K18))
A19: 34 | B19: ='Summry Invoices'!B36 -> 0 | C19: ='Summry Invoices'!C36 -> 0 | H19: =IF(D19="","",D19-F19-G19) | L19: =IF(D19="","",SUM(I19:K19))
A20: 35 | B20: ='Summry Invoices'!B37 -> 0 | C20: ='Summry Invoices'!C37 -> 0 | E20: =IF(D20="","",SUM(D$13:D20)-D20) | F20: =IF(D20="","",MAX(0,MIN(E20+D20,[1]المدخلات!$E$14)-E20)) | G20: =IF(D20="","",MAX(0,MIN(E20+D20,[1]المدخلات!$E$15)-MAX(E20,[1]المدخلات!$E$14))) | H20: =IF(D20="","",D20-F20-G20) | I20: =IF(D20="","",F20*[1]المدخلات!$B$11*[1]المدخلات!$B$14) | J20: =IF(D20="","",G20*[1]المدخلات!$B$11*[1]المدخلات!$B$15) | K20: =IF(D20="","",H20*[1]المدخلات!$B$11*[1]المدخلات!$B$16) | L20: =IF(D20="","",SUM(I20:K20))
A21: 36 | B21: ='Summry Invoices'!B38 -> 0 | C21: ='Summry Invoices'!C38 -> 0 | E21: =IF(D21="","",SUM(D$13:D21)-D21) | F21: =IF(D21="","",MAX(0,MIN(E21+D21,[1]المدخلات!$E$14)-E21)) | G21: =IF(D21="","",MAX(0,MIN(E21+D21,[1]المدخلات!$E$15)-MAX(E21,[1]المدخلات!$E$14))) | H21: =IF(D21="","",D21-F21-G21) | I21: =IF(D21="","",F21*[1]المدخلات!$B$11*[1]المدخلات!$B$14) | J21: =IF(D21="","",G21*[1]المدخلات!$B$11*[1]المدخلات!$B$15) | K21: =IF(D21="","",H21*[1]المدخلات!$B$11*[1]المدخلات!$B$16) | L21: =IF(D21="","",SUM(I21:K21))
A25: حساب غرامة الأشراف
A26: رقم المستخلص | B26: الفترة | D26: أيام الشهر الأول | E26: عدد أيام الشهر الأول | F26: أيام الشهر الثاني | G26: عدد أيام الشهر الثاني | H26: تكلفة الأيام الأولى | I26: تكلفة الأيام الثانية | J26: إجمالي غرامة الإشراف
A27: الإجمالي | D27: =SUM(D28:D36) -> 58 | F27: =SUM(F28:F36) -> 96 | H27: =SUM(H28:H36) -> 261107.53 | I27: =SUM(I28:I36) -> 437317.81 | J27: =SUM(J28:J36) -> 698425.33 | K27: 46142 | L27: 46143
A28: 28 | B28: ='Summry Invoices'!B30 -> April 21, 2026 | C28: ='Summry Invoices'!C30 -> May 19, 2026 | D28: =_xlfn.DAYS($K$27,$B$28)+1 -> 10 | E28: 30 | F28: =_xlfn.DAYS(C28,L27)+1 -> 19 | G28: 31 | H28: =($D$28/$E$28)*'Summry Invoices'!B45 -> 46253.333 | I28: =(F28/G28)*'Summry Invoices'!B45 -> 85046.452 | J28: =IF(AND(H28="",I28=""),"",N(H28)+N(I28)) -> 131299.78 | K28: 46173 | L28: 46174
A29: 29 | B29: ='Summry Invoices'!B31 -> May 20, 2026 | C29: ='Summry Invoices'!C31 -> June 30, 2026 | D29: =_xlfn.DAYS($K$28,$B$29)+1 -> 12 | E29: 31 | F29: =_xlfn.DAYS(C29,L28)+1 -> 30 | G29: 30 | H29: =(D29/E29)*'Summry Invoices'!B45 -> 53713.548 | I29: =(F29/G29)*'Summry Invoices'!B45 -> 138760 | J29: =IF(AND(H29="",I29=""),"",N(H29)+N(I29)) -> 192473.55 | K29: 46203 | L29: 46204
A30: 30 | B30: ='Summry Invoices'!B32 -> July 1, 2026 | C30: ='Summry Invoices'!C32 -> July 27, 2026 | D30: =_xlfn.DAYS($C$30,L29)+1 -> 27 | E30: 31 | H30: =(D30/E30)*'Summry Invoices'!B45 -> 120855.48 | J30: =IF(AND(H30="",I30=""),"",N(H30)+N(I30)) -> 120855.48 | K30: 46234 | L30: 46235
A31: 31 | B31: ='Summry Invoices'!B33 -> July 28, 2026 | C31: ='Summry Invoices'!C33 -> August 26, 2026 | D31: =_xlfn.DAYS(K30,B31)+1 -> 4 | E31: 31 | F31: =_xlfn.DAYS(C31,L30)+1 -> 26 | G31: 31 | H31: =(D31/E31)*'Summry Invoices'!B45 -> 17904.516 | I31: =(F31/G31)*'Summry Invoices'!B45 -> 116379.35 | J31: =IF(AND(H31="",I31=""),"",N(H31)+N(I31)) -> 134283.87 | K31: 46265 | L31: 46266
A32: 32 | B32: ='Summry Invoices'!B34 -> 46261 | C32: ='Summry Invoices'!C34 -> September 21, 2026 | D32: =_xlfn.DAYS(K31,B32)+1 -> 5 | E32: 31 | F32: =_xlfn.DAYS('Summry Invoices'!$C$34,'Late&Supervision payment fee'!$L$31)+1 -> 21 | G32: 30 | H32: =(D$32/$E$32)*'Summry Invoices'!B$45 -> 22380.645 | I32: =(F32/G32)*'Summry Invoices'!B45 -> 97132 | J32: =IF(AND(H32="",I32=""),"",N(H32)+N(I32)) -> 119512.65 | K32: 46295 | L32: 46296
A33: 33 | B33: ='Summry Invoices'!B35 -> 46287 | C33: ='Summry Invoices'!C35 -> 46320 | H33: =IF(OR(D33="",E33=""),"",D33/E33*[1]المدخلات!$B$10) | I33: =IF(OR(F33="",G33=""),"",F33/G33*[1]المدخلات!$B$10) | J33: =IF(AND(H33="",I33=""),"",N(H33)+N(I33)) | K33: 46326 | L33: 46327
A34: 34 | B34: ='Summry Invoices'!B36 -> 0 | C34: ='Summry Invoices'!C36 -> 0 | H34: =IF(OR(D34="",E34=""),"",D34/E34*[1]المدخلات!$B$10) | I34: =IF(OR(F34="",G34=""),"",F34/G34*[1]المدخلات!$B$10) | J34: =IF(AND(H34="",I34=""),"",N(H34)+N(I34)) | K34: 46356 | L34: 46357
A35: 35 | B35: ='Summry Invoices'!B37 -> 0 | C35: ='Summry Invoices'!C37 -> 0 | H35: =IF(OR(D35="",E35=""),"",D35/E35*[1]المدخلات!$B$10) | I35: =IF(OR(F35="",G35=""),"",F35/G35*[1]المدخلات!$B$10) | J35: =IF(AND(H35="",I35=""),"",N(H35)+N(I35)) | K35: 46387 | L35: 46388
A36: 36 | B36: ='Summry Invoices'!B38 -> 0 | C36: ='Summry Invoices'!C38 -> 0 | H36: =IF(OR(D36="",E36=""),"",D36/E36*[1]المدخلات!$B$10) | I36: =IF(OR(F36="",G36=""),"",F36/G36*[1]المدخلات!$B$10) | J36: =IF(AND(H36="",I36=""),"",N(H36)+N(I36)) | K36: 46388 | L36: 46419

Sheet Dashboard
A2: القيمة الأصلية للحصر (قبل أمر التغيير) | D2: القيمة المعتمدة (بعد أمر التغيير) | G2: إجمالي المفوتر (SAR) | J2: المتبقي (SAR) | M2: نسبة الإنجاز الفعلية
A3: ='Progress Report'!I3 -> #VALUE! | D3: ='Progress Report'!J3 -> #VALUE! | G3: ='Progress Report'!L3 -> 6052370 | J3: ='Progress Report'!P3 -> #VALUE! | M3: ='Progress Report'!M3 -> #VALUE!
A4: ="عدد البنود: "&'Progress Report'!A3 -> عدد البنود: 29 | D4: =IF('Progress Report'!I3=0,"",TEXT('Progress Report'!K3,"+#,##0;-#,##0")&" ("&TEXT('Progress Report'!K3/'Progress Report'!I3,"+0.0%;-0.0%")&") عن الأصلي") -> #VALUE! | G4: =TEXT('Progress Report'!M3,"0.0%")&" من القيمة المعتمدة" -> #VALUE! | J4: =TEXT('Progress Report'!Q3,"0.0%")&" من القيمة المعتمدة" -> #VALUE! | M4: ="حتى المستخلص رقم "&'Data Board'!G34 -> #REF!
A6: بنود مكتملة | D6: بنود جارية | G6: بنود لم تبدأ | J6: متجاوزة 100% | M6: بنود عدّلها أمر التغيير
A7: ='Data Board'!B9 -> 1 | D7: ='Data Board'!B10 -> 4 | G7: ='Data Board'!B11 -> 24 | J7: ='Data Board'!B13 -> 0 | M7: ='Data Board'!B31-'Data Board'!B29 -> 2
A68: أعلى 10 بنود من حيث القيمة المتبقية
A69: # | B69: رقم البند | C69: وصف البند | H69: القيمة المتبقية (SAR) | J69: القيمة المعتمدة (SAR) | L69: نسبة الإنجاز % | N69: الحالة
A70: 1 | B70: =INDEX('Progress Report'!$B$5:$B$354,MATCH(LARGE('Progress Report'!$V$5:$V$354,$A70),'Progress Report'!$V$5:$V$354,0)) -> #VALUE! | C70: =LEFT(INDEX('Progress Report'!$C$5:$C$354,MATCH(LARGE('Progress Report'!$V$5:$V$354,$A70),'Progress Report'!$V$5:$V$354,0)),70) -> #VALUE! | H70: =INDEX('Progress Report'!$P$5:$P$354,MATCH(LARGE('Progress Report'!$V$5:$V$354,$A70),'Progress Report'!$V$5:$V$354,0)) -> #VALUE! | J70: =INDEX('Progress Report'!$J$5:$J$354,MATCH(LARGE('Progress Report'!$V$5:$V$354,$A70),'Progress Report'!$V$5:$V$354,0)) -> #VALUE! | L70: =INDEX('Progress Report'!$M$5:$M$354,MATCH(LARGE('Progress Report'!$V$5:$V$354,$A70),'Progress Report'!$V$5:$V$354,0)) -> #VALUE! | N70: =INDEX('Progress Report'!$S$5:$S$354,MATCH(LARGE('Progress Report'!$V$5:$V$354,$A70),'Progress Report'!$V$5:$V$354,0)) -> #VALUE!
A71: 2 | B71: =INDEX('Progress Report'!$B$5:$B$354,MATCH(LARGE('Progress Report'!$V$5:$V$354,$A71),'Progress Report'!$V$5:$V$354,0)) -> #VALUE! | C71: =LEFT(INDEX('Progress Report'!$C$5:$C$354,MATCH(LARGE('Progress Report'!$V$5:$V$354,$A71),'Progress Report'!$V$5:$V$354,0)),70) -> #VALUE! | H71: =INDEX('Progress Report'!$P$5:$P$354,MATCH(LARGE('Progress Report'!$V$5:$V$354,$A71),'Progress Report'!$V$5:$V$354,0)) -> #VALUE! | J71: =INDEX('Progress Report'!$J$5:$J$354,MATCH(LARGE('Progress Report'!$V$5:$V$354,$A71),'Progress Report'!$V$5:$V$354,0)) -> #VALUE! | L71: =INDEX('Progress Report'!$M$5:$M$354,MATCH(LARGE('Progress Report'!$V$5:$V$354,$A71),'Progress Report'!$V$5:$V$354,0)) -> #VALUE! | N71: =INDEX('Progress Report'!$S$5:$S$354,MATCH(LARGE('Progress Report'!$V$5:$V$354,$A71),'Progress Report'!$V$5:$V$354,0)) -> #VALUE!
A72: 3 | B72: =INDEX('Progress Report'!$B$5:$B$354,MATCH(LARGE('Progress Report'!$V$5:$V$354,$A72),'Progress Report'!$V$5:$V$354,0)) -> #VALUE! | C72: =LEFT(INDEX('Progress Report'!$C$5:$C$354,MATCH(LARGE('Progress Report'!$V$5:$V$354,$A72),'Progress Report'!$V$5:$V$354,0)),70) -> #VALUE! | H72: =INDEX('Progress Report'!$P$5:$P$354,MATCH(LARGE('Progress Report'!$V$5:$V$354,$A72),'Progress Report'!$V$5:$V$354,0)) -> #VALUE! | J72: =INDEX('Progress Report'!$J$5:$J$354,MATCH(LARGE('Progress Report'!$V$5:$V$354,$A72),'Progress Report'!$V$5:$V$354,0)) -> #VALUE! | L72: =INDEX('Progress Report'!$M$5:$M$354,MATCH(LARGE('Progress Report'!$V$5:$V$354,$A72),'Progress Report'!$V$5:$V$354,0)) -> #VALUE! | N72: =INDEX('Progress Report'!$S$5:$S$354,MATCH(LARGE('Progress Report'!$V$5:$V$354,$A72),'Progress Report'!$V$5:$V$354,0)) -> #VALUE!
A73: 4 | B73: =INDEX('Progress Report'!$B$5:$B$354,MATCH(LARGE('Progress Report'!$V$5:$V$354,$A73),'Progress Report'!$V$5:$V$354,0)) -> #VALUE! | C73: =LEFT(INDEX('Progress Report'!$C$5:$C$354,MATCH(LARGE('Progress Report'!$V$5:$V$354,$A73),'Progress Report'!$V$5:$V$354,0)),70) -> #VALUE! | H73: =INDEX('Progress Report'!$P$5:$P$354,MATCH(LARGE('Progress Report'!$V$5:$V$354,$A73),'Progress Report'!$V$5:$V$354,0)) -> #VALUE! | J73: =INDEX('Progress Report'!$J$5:$J$354,MATCH(LARGE('Progress Report'!$V$5:$V$354,$A73),'Progress Report'!$V$5:$V$354,0)) -> #VALUE! | L73: =INDEX('Progress Report'!$M$5:$M$354,MATCH(LARGE('Progress Report'!$V$5:$V$354,$A73),'Progress Report'!$V$5:$V$354,0)) -> #VALUE! | N73: =INDEX('Progress Report'!$S$5:$S$354,MATCH(LARGE('Progress Report'!$V$5:$V$354,$A73),'Progress Report'!$V$5:$V$354,0)) -> #VALUE!
A74: 5 | B74: =INDEX('Progress Report'!$B$5:$B$354,MATCH(LARGE('Progress Report'!$V$5:$V$354,$A74),'Progress Report'!$V$5:$V$354,0)) -> #VALUE! | C74: =LEFT(INDEX('Progress Report'!$C$5:$C$354,MATCH(LARGE('Progress Report'!$V$5:$V$354,$A74),'Progress Report'!$V$5:$V$354,0)),70) -> #VALUE! | H74: =INDEX('Progress Report'!$P$5:$P$354,MATCH(LARGE('Progress Report'!$V$5:$V$354,$A74),'Progress Report'!$V$5:$V$354,0)) -> #VALUE! | J74: =INDEX('Progress Report'!$J$5:$J$354,MATCH(LARGE('Progress Report'!$V$5:$V$354,$A74),'Progress Report'!$V$5:$V$354,0)) -> #VALUE! | L74: =INDEX('Progress Report'!$M$5:$M$354,MATCH(LARGE('Progress Report'!$V$5:$V$354,$A74),'Progress Report'!$V$5:$V$354,0)) -> #VALUE! | N74: =INDEX('Progress Report'!$S$5:$S$354,MATCH(LARGE('Progress Report'!$V$5:$V$354,$A74),'Progress Report'!$V$5:$V$354,0)) -> #VALUE!
A75: 6 | B75: =INDEX('Progress Report'!$B$5:$B$354,MATCH(LARGE('Progress Report'!$V$5:$V$354,$A75),'Progress Report'!$V$5:$V$354,0)) -> #VALUE! | C75: =LEFT(INDEX('Progress Report'!$C$5:$C$354,MATCH(LARGE('Progress Report'!$V$5:$V$354,$A75),'Progress Report'!$V$5:$V$354,0)),70) -> #VALUE! | H75: =INDEX('Progress Report'!$P$5:$P$354,MATCH(LARGE('Progress Report'!$V$5:$V$354,$A75),'Progress Report'!$V$5:$V$354,0)) -> #VALUE! | J75: =INDEX('Progress Report'!$J$5:$J$354,MATCH(LARGE('Progress Report'!$V$5:$V$354,$A75),'Progress Report'!$V$5:$V$354,0)) -> #VALUE! | L75: =INDEX('Progress Report'!$M$5:$M$354,MATCH(LARGE('Progress Report'!$V$5:$V$354,$A75),'Progress Report'!$V$5:$V$354,0)) -> #VALUE! | N75: =INDEX('Progress Report'!$S$5:$S$354,MATCH(LARGE('Progress Report'!$V$5:$V$354,$A75),'Progress Report'!$V$5:$V$354,0)) -> #VALUE!
A76: 7 | B76: =INDEX('Progress Report'!$B$5:$B$354,MATCH(LARGE('Progress Report'!$V$5:$V$354,$A76),'Progress Report'!$V$5:$V$354,0)) -> #VALUE! | C76: =LEFT(INDEX('Progress Report'!$C$5:$C$354,MATCH(LARGE('Progress Report'!$V$5:$V$354,$A76),'Progress Report'!$V$5:$V$354,0)),70) -> #VALUE! | H76: =INDEX('Progress Report'!$P$5:$P$354,MATCH(LARGE('Progress Report'!$V$5:$V$354,$A76),'Progress Report'!$V$5:$V$354,0)) -> #VALUE! | J76: =INDEX('Progress Report'!$J$5:$J$354,MATCH(LARGE('Progress Report'!$V$5:$V$354,$A76),'Progress Report'!$V$5:$V$354,0)) -> #VALUE! | L76: =INDEX('Progress Report'!$M$5:$M$354,MATCH(LARGE('Progress Report'!$V$5:$V$354,$A76),'Progress Report'!$V$5:$V$354,0)) -> #VALUE! | N76: =INDEX('Progress Report'!$S$5:$S$354,MATCH(LARGE('Progress Report'!$V$5:$V$354,$A76),'Progress Report'!$V$5:$V$354,0)) -> #VALUE!
A77: 8 | B77: =INDEX('Progress Report'!$B$5:$B$354,MATCH(LARGE('Progress Report'!$V$5:$V$354,$A77),'Progress Report'!$V$5:$V$354,0)) -> #VALUE! | C77: =LEFT(INDEX('Progress Report'!$C$5:$C$354,MATCH(LARGE('Progress Report'!$V$5:$V$354,$A77),'Progress Report'!$V$5:$V$354,0)),70) -> #VALUE! | H77: =INDEX('Progress Report'!$P$5:$P$354,MATCH(LARGE('Progress Report'!$V$5:$V$354,$A77),'Progress Report'!$V$5:$V$354,0)) -> #VALUE! | J77: =INDEX('Progress Report'!$J$5:$J$354,MATCH(LARGE('Progress Report'!$V$5:$V$354,$A77),'Progress Report'!$V$5:$V$354,0)) -> #VALUE! | L77: =INDEX('Progress Report'!$M$5:$M$354,MATCH(LARGE('Progress Report'!$V$5:$V$354,$A77),'Progress Report'!$V$5:$V$354,0)) -> #VALUE! | N77: =INDEX('Progress Report'!$S$5:$S$354,MATCH(LARGE('Progress Report'!$V$5:$V$354,$A77),'Progress Report'!$V$5:$V$354,0)) -> #VALUE!
A78: 9 | B78: =INDEX('Progress Report'!$B$5:$B$354,MATCH(LARGE('Progress Report'!$V$5:$V$354,$A78),'Progress Report'!$V$5:$V$354,0)) -> #VALUE! | C78: =LEFT(INDEX('Progress Report'!$C$5:$C$354,MATCH(LARGE('Progress Report'!$V$5:$V$354,$A78),'Progress Report'!$V$5:$V$354,0)),70) -> #VALUE! | H78: =INDEX('Progress Report'!$P$5:$P$354,MATCH(LARGE('Progress Report'!$V$5:$V$354,$A78),'Progress Report'!$V$5:$V$354,0)) -> #VALUE! | J78: =INDEX('Progress Report'!$J$5:$J$354,MATCH(LARGE('Progress Report'!$V$5:$V$354,$A78),'Progress Report'!$V$5:$V$354,0)) -> #VALUE! | L78: =INDEX('Progress Report'!$M$5:$M$354,MATCH(LARGE('Progress Report'!$V$5:$V$354,$A78),'Progress Report'!$V$5:$V$354,0)) -> #VALUE! | N78: =INDEX('Progress Report'!$S$5:$S$354,MATCH(LARGE('Progress Report'!$V$5:$V$354,$A78),'Progress Report'!$V$5:$V$354,0)) -> #VALUE!
A79: 10 | B79: =INDEX('Progress Report'!$B$5:$B$354,MATCH(LARGE('Progress Report'!$V$5:$V$354,$A79),'Progress Report'!$V$5:$V$354,0)) -> #VALUE! | C79: =LEFT(INDEX('Progress Report'!$C$5:$C$354,MATCH(LARGE('Progress Report'!$V$5:$V$354,$A79),'Progress Report'!$V$5:$V$354,0)),70) -> #VALUE! | H79: =INDEX('Progress Report'!$P$5:$P$354,MATCH(LARGE('Progress Report'!$V$5:$V$354,$A79),'Progress Report'!$V$5:$V$354,0)) -> #VALUE! | J79: =INDEX('Progress Report'!$J$5:$J$354,MATCH(LARGE('Progress Report'!$V$5:$V$354,$A79),'Progress Report'!$V$5:$V$354,0)) -> #VALUE! | L79: =INDEX('Progress Report'!$M$5:$M$354,MATCH(LARGE('Progress Report'!$V$5:$V$354,$A79),'Progress Report'!$V$5:$V$354,0)) -> #VALUE! | N79: =INDEX('Progress Report'!$S$5:$S$354,MATCH(LARGE('Progress Report'!$V$5:$V$354,$A79),'Progress Report'!$V$5:$V$354,0)) -> #VALUE!
A83: أكبر 10 زيادات في القيمة بسبب أمر التغيير
A84: # | B84: رقم البند | C84: وصف البند | H84: زيادة القيمة (SAR) | J84: القيمة المعتمدة (SAR) | L84: نسبة الإنجاز % | N84: الحالة
A85: 1 | B85: =INDEX('Progress Report'!$B$5:$B$354,MATCH(LARGE('Progress Report'!$W$5:$W$354,$A85),'Progress Report'!$W$5:$W$354,0)) -> #VALUE! | C85: =LEFT(INDEX('Progress Report'!$C$5:$C$354,MATCH(LARGE('Progress Report'!$W$5:$W$354,$A85),'Progress Report'!$W$5:$W$354,0)),70) -> #VALUE! | H85: =INDEX('Progress Report'!$K$5:$K$354,MATCH(LARGE('Progress Report'!$W$5:$W$354,$A85),'Progress Report'!$W$5:$W$354,0)) -> #VALUE! | J85: =INDEX('Progress Report'!$J$5:$J$354,MATCH(LARGE('Progress Report'!$W$5:$W$354,$A85),'Progress Report'!$W$5:$W$354,0)) -> #VALUE! | L85: =INDEX('Progress Report'!$M$5:$M$354,MATCH(LARGE('Progress Report'!$W$5:$W$354,$A85),'Progress Report'!$W$5:$W$354,0)) -> #VALUE! | N85: =INDEX('Progress Report'!$S$5:$S$354,MATCH(LARGE('Progress Report'!$W$5:$W$354,$A85),'Progress Report'!$W$5:$W$354,0)) -> #VALUE!
A86: 2 | B86: =INDEX('Progress Report'!$B$5:$B$354,MATCH(LARGE('Progress Report'!$W$5:$W$354,$A86),'Progress Report'!$W$5:$W$354,0)) -> #VALUE! | C86: =LEFT(INDEX('Progress Report'!$C$5:$C$354,MATCH(LARGE('Progress Report'!$W$5:$W$354,$A86),'Progress Report'!$W$5:$W$354,0)),70) -> #VALUE! | H86: =INDEX('Progress Report'!$K$5:$K$354,MATCH(LARGE('Progress Report'!$W$5:$W$354,$A86),'Progress Report'!$W$5:$W$354,0)) -> #VALUE! | J86: =INDEX('Progress Report'!$J$5:$J$354,MATCH(LARGE('Progress Report'!$W$5:$W$354,$A86),'Progress Report'!$W$5:$W$354,0)) -> #VALUE! | L86: =INDEX('Progress Report'!$M$5:$M$354,MATCH(LARGE('Progress Report'!$W$5:$W$354,$A86),'Progress Report'!$W$5:$W$354,0)) -> #VALUE! | N86: =INDEX('Progress Report'!$S$5:$S$354,MATCH(LARGE('Progress Report'!$W$5:$W$354,$A86),'Progress Report'!$W$5:$W$354,0)) -> #VALUE!
A87: 3 | B87: =INDEX('Progress Report'!$B$5:$B$354,MATCH(LARGE('Progress Report'!$W$5:$W$354,$A87),'Progress Report'!$W$5:$W$354,0)) -> #VALUE! | C87: =LEFT(INDEX('Progress Report'!$C$5:$C$354,MATCH(LARGE('Progress Report'!$W$5:$W$354,$A87),'Progress Report'!$W$5:$W$354,0)),70) -> #VALUE! | H87: =INDEX('Progress Report'!$K$5:$K$354,MATCH(LARGE('Progress Report'!$W$5:$W$354,$A87),'Progress Report'!$W$5:$W$354,0)) -> #VALUE! | J87: =INDEX('Progress Report'!$J$5:$J$354,MATCH(LARGE('Progress Report'!$W$5:$W$354,$A87),'Progress Report'!$W$5:$W$354,0)) -> #VALUE! | L87: =INDEX('Progress Report'!$M$5:$M$354,MATCH(LARGE('Progress Report'!$W$5:$W$354,$A87),'Progress Report'!$W$5:$W$354,0)) -> #VALUE! | N87: =INDEX('Progress Report'!$S$5:$S$354,MATCH(LARGE('Progress Report'!$W$5:$W$354,$A87),'Progress Report'!$W$5:$W$354,0)) -> #VALUE!
A88: 4 | B88: =INDEX('Progress Report'!$B$5:$B$354,MATCH(LARGE('Progress Report'!$W$5:$W$354,$A88),'Progress Report'!$W$5:$W$354,0)) -> #VALUE! | C88: =LEFT(INDEX('Progress Report'!$C$5:$C$354,MATCH(LARGE('Progress Report'!$W$5:$W$354,$A88),'Progress Report'!$W$5:$W$354,0)),70) -> #VALUE! | H88: =INDEX('Progress Report'!$K$5:$K$354,MATCH(LARGE('Progress Report'!$W$5:$W$354,$A88),'Progress Report'!$W$5:$W$354,0)) -> #VALUE! | J88: =INDEX('Progress Report'!$J$5:$J$354,MATCH(LARGE('Progress Report'!$W$5:$W$354,$A88),'Progress Report'!$W$5:$W$354,0)) -> #VALUE! | L88: =INDEX('Progress Report'!$M$5:$M$354,MATCH(LARGE('Progress Report'!$W$5:$W$354,$A88),'Progress Report'!$W$5:$W$354,0)) -> #VALUE! | N88: =INDEX('Progress Report'!$S$5:$S$354,MATCH(LARGE('Progress Report'!$W$5:$W$354,$A88),'Progress Report'!$W$5:$W$354,0)) -> #VALUE!
A89: 5 | B89: =INDEX('Progress Report'!$B$5:$B$354,MATCH(LARGE('Progress Report'!$W$5:$W$354,$A89),'Progress Report'!$W$5:$W$354,0)) -> #VALUE! | C89: =LEFT(INDEX('Progress Report'!$C$5:$C$354,MATCH(LARGE('Progress Report'!$W$5:$W$354,$A89),'Progress Report'!$W$5:$W$354,0)),70) -> #VALUE! | H89: =INDEX('Progress Report'!$K$5:$K$354,MATCH(LARGE('Progress Report'!$W$5:$W$354,$A89),'Progress Report'!$W$5:$W$354,0)) -> #VALUE! | J89: =INDEX('Progress Report'!$J$5:$J$354,MATCH(LARGE('Progress Report'!$W$5:$W$354,$A89),'Progress Report'!$W$5:$W$354,0)) -> #VALUE! | L89: =INDEX('Progress Report'!$M$5:$M$354,MATCH(LARGE('Progress Report'!$W$5:$W$354,$A89),'Progress Report'!$W$5:$W$354,0)) -> #VALUE! | N89: =INDEX('Progress Report'!$S$5:$S$354,MATCH(LARGE('Progress Report'!$W$5:$W$354,$A89),'Progress Report'!$W$5:$W$354,0)) -> #VALUE!
A90: 6 | B90: =INDEX('Progress Report'!$B$5:$B$354,MATCH(LARGE('Progress Report'!$W$5:$W$354,$A90),'Progress Report'!$W$5:$W$354,0)) -> #VALUE! | C90: =LEFT(INDEX('Progress Report'!$C$5:$C$354,MATCH(LARGE('Progress Report'!$W$5:$W$354,$A90),'Progress Report'!$W$5:$W$354,0)),70) -> #VALUE! | H90: =INDEX('Progress Report'!$K$5:$K$354,MATCH(LARGE('Progress Report'!$W$5:$W$354,$A90),'Progress Report'!$W$5:$W$354,0)) -> #VALUE! | J90: =INDEX('Progress Report'!$J$5:$J$354,MATCH(LARGE('Progress Report'!$W$5:$W$354,$A90),'Progress Report'!$W$5:$W$354,0)) -> #VALUE! | L90: =INDEX('Progress Report'!$M$5:$M$354,MATCH(LARGE('Progress Report'!$W$5:$W$354,$A90),'Progress Report'!$W$5:$W$354,0)) -> #VALUE! | N90: =INDEX('Progress Report'!$S$5:$S$354,MATCH(LARGE('Progress Report'!$W$5:$W$354,$A90),'Progress Report'!$W$5:$W$354,0)) -> #VALUE!
A91: 7 | B91: =INDEX('Progress Report'!$B$5:$B$354,MATCH(LARGE('Progress Report'!$W$5:$W$354,$A91),'Progress Report'!$W$5:$W$354,0)) -> #VALUE! | C91: =LEFT(INDEX('Progress Report'!$C$5:$C$354,MATCH(LARGE('Progress Report'!$W$5:$W$354,$A91),'Progress Report'!$W$5:$W$354,0)),70) -> #VALUE! | H91: =INDEX('Progress Report'!$K$5:$K$354,MATCH(LARGE('Progress Report'!$W$5:$W$354,$A91),'Progress Report'!$W$5:$W$354,0)) -> #VALUE! | J91: =INDEX('Progress Report'!$J$5:$J$354,MATCH(LARGE('Progress Report'!$W$5:$W$354,$A91),'Progress Report'!$W$5:$W$354,0)) -> #VALUE! | L91: =INDEX('Progress Report'!$M$5:$M$354,MATCH(LARGE('Progress Report'!$W$5:$W$354,$A91),'Progress Report'!$W$5:$W$354,0)) -> #VALUE! | N91: =INDEX('Progress Report'!$S$5:$S$354,MATCH(LARGE('Progress Report'!$W$5:$W$354,$A91),'Progress Report'!$W$5:$W$354,0)) -> #VALUE!
A92: 8 | B92: =INDEX('Progress Report'!$B$5:$B$354,MATCH(LARGE('Progress Report'!$W$5:$W$354,$A92),'Progress Report'!$W$5:$W$354,0)) -> #VALUE! | C92: =LEFT(INDEX('Progress Report'!$C$5:$C$354,MATCH(LARGE('Progress Report'!$W$5:$W$354,$A92),'Progress Report'!$W$5:$W$354,0)),70) -> #VALUE! | H92: =INDEX('Progress Report'!$K$5:$K$354,MATCH(LARGE('Progress Report'!$W$5:$W$354,$A92),'Progress Report'!$W$5:$W$354,0)) -> #VALUE! | J92: =INDEX('Progress Report'!$J$5:$J$354,MATCH(LARGE('Progress Report'!$W$5:$W$354,$A92),'Progress Report'!$W$5:$W$354,0)) -> #VALUE! | L92: =INDEX('Progress Report'!$M$5:$M$354,MATCH(LARGE('Progress Report'!$W$5:$W$354,$A92),'Progress Report'!$W$5:$W$354,0)) -> #VALUE! | N92: =INDEX('Progress Report'!$S$5:$S$354,MATCH(LARGE('Progress Report'!$W$5:$W$354,$A92),'Progress Report'!$W$5:$W$354,0)) -> #VALUE!
A93: 9 | B93: =INDEX('Progress Report'!$B$5:$B$354,MATCH(LARGE('Progress Report'!$W$5:$W$354,$A93),'Progress Report'!$W$5:$W$354,0)) -> #VALUE! | C93: =LEFT(INDEX('Progress Report'!$C$5:$C$354,MATCH(LARGE('Progress Report'!$W$5:$W$354,$A93),'Progress Report'!$W$5:$W$354,0)),70) -> #VALUE! | H93: =INDEX('Progress Report'!$K$5:$K$354,MATCH(LARGE('Progress Report'!$W$5:$W$354,$A93),'Progress Report'!$W$5:$W$354,0)) -> #VALUE! | J93: =INDEX('Progress Report'!$J$5:$J$354,MATCH(LARGE('Progress Report'!$W$5:$W$354,$A93),'Progress Report'!$W$5:$W$354,0)) -> #VALUE! | L93: =INDEX('Progress Report'!$M$5:$M$354,MATCH(LARGE('Progress Report'!$W$5:$W$354,$A93),'Progress Report'!$W$5:$W$354,0)) -> #VALUE! | N93: =INDEX('Progress Report'!$S$5:$S$354,MATCH(LARGE('Progress Report'!$W$5:$W$354,$A93),'Progress Report'!$W$5:$W$354,0)) -> #VALUE!
A94: 10 | B94: =INDEX('Progress Report'!$B$5:$B$354,MATCH(LARGE('Progress Report'!$W$5:$W$354,$A94),'Progress Report'!$W$5:$W$354,0)) -> #VALUE! | C94: =LEFT(INDEX('Progress Report'!$C$5:$C$354,MATCH(LARGE('Progress Report'!$W$5:$W$354,$A94),'Progress Report'!$W$5:$W$354,0)),70) -> #VALUE! | H94: =INDEX('Progress Report'!$K$5:$K$354,MATCH(LARGE('Progress Report'!$W$5:$W$354,$A94),'Progress Report'!$W$5:$W$354,0)) -> #VALUE! | J94: =INDEX('Progress Report'!$J$5:$J$354,MATCH(LARGE('Progress Report'!$W$5:$W$354,$A94),'Progress Report'!$W$5:$W$354,0)) -> #VALUE! | L94: =INDEX('Progress Report'!$M$5:$M$354,MATCH(LARGE('Progress Report'!$W$5:$W$354,$A94),'Progress Report'!$W$5:$W$354,0)) -> #VALUE! | N94: =INDEX('Progress Report'!$S$5:$S$354,MATCH(LARGE('Progress Report'!$W$5:$W$354,$A94),'Progress Report'!$W$5:$W$354,0)) -> #VALUE!

Sheet Data Board
A3: البيان | B3: القيمة (SAR)
A4: مفوتر | B4: ='Progress Report'!L3 -> 6052370
A5: متبقي | B5: =MAX('Progress Report'!P3,0) -> #VALUE!
A8: الحالة | B8: عدد البنود | C8: القيمة المعتمدة (SAR) | D8: مفوتر (SAR) | E8: متبقي (SAR)
A9: مكتمل | B9: =COUNTIF('Progress Report'!$S$5:$S$354,A9) -> 1 | C9: =SUMIF('Progress Report'!$S$5:$S$354,$A9,'Progress Report'!$J$5:$J$354) -> 2840000 | D9: =SUMIF('Progress Report'!$S$5:$S$354,$A9,'Progress Report'!$L$5:$L$354) -> 2840000 | E9: =SUMIF('Progress Report'!$S$5:$S$354,$A9,'Progress Report'!$P$5:$P$354) -> 0 | G9: =70752419+966245 -> 71718664
A10: جاري | B10: =COUNTIF('Progress Report'!$S$5:$S$354,A10) -> 4 | C10: =SUMIF('Progress Report'!$S$5:$S$354,$A10,'Progress Report'!$J$5:$J$354) -> 4791700 | D10: =SUMIF('Progress Report'!$S$5:$S$354,$A10,'Progress Report'!$L$5:$L$354) -> 3212370 | E10: =SUMIF('Progress Report'!$S$5:$S$354,$A10,'Progress Report'!$P$5:$P$354) -> 1579330
A11: لم يبدأ | B11: =COUNTIF('Progress Report'!$S$5:$S$354,A11) -> 24 | C11: =SUMIF('Progress Report'!$S$5:$S$354,$A11,'Progress Report'!$J$5:$J$354) -> #VALUE! | D11: =SUMIF('Progress Report'!$S$5:$S$354,$A11,'Progress Report'!$L$5:$L$354) -> 0 | E11: =SUMIF('Progress Report'!$S$5:$S$354,$A11,'Progress Report'!$P$5:$P$354) -> #VALUE!
A12: إلغاء | B12: =COUNTIF('Progress Report'!$S$5:$S$354,A12) -> 0 | C12: =SUMIF('Progress Report'!$S$5:$S$354,$A12,'Progress Report'!$J$5:$J$354) -> 0 | D12: =SUMIF('Progress Report'!$S$5:$S$354,$A12,'Progress Report'!$L$5:$L$354) -> 0 | E12: =SUMIF('Progress Report'!$S$5:$S$354,$A12,'Progress Report'!$P$5:$P$354) -> 0
A13: تجاوز 100% - راجع | B13: =COUNTIF('Progress Report'!$S$5:$S$354,A13) -> 0 | C13: =SUMIF('Progress Report'!$S$5:$S$354,$A13,'Progress Report'!$J$5:$J$354) -> 0 | D13: =SUMIF('Progress Report'!$S$5:$S$354,$A13,'Progress Report'!$L$5:$L$354) -> 0 | E13: =SUMIF('Progress Report'!$S$5:$S$354,$A13,'Progress Report'!$P$5:$P$354) -> 0
A14: الإجمالي | B14: =SUM(B9:B13) -> 29 | C14: =SUM(C9:C13) -> #VALUE! | D14: =SUM(D9:D13) -> 6052370 | E14: =SUM(E9:E13) -> #VALUE!
A17: المجموعة (عدّل القائمة) | B17: القيمة الأصلية (SAR) | C17: القيمة المعتمدة (SAR) | D17: فرق أمر التغيير (SAR) | E17: مفوتر (SAR) | F17: نسبة الإنجاز % | G17: متبقي (SAR) | H17: عدد البنود
A18: D | B18: =SUMIF('Progress Report'!$U$5:$U$354,$A18,'Progress Report'!$I$5:$I$354) -> 5580000 | C18: =SUMIF('Progress Report'!$U$5:$U$354,$A18,'Progress Report'!$J$5:$J$354) -> 5580000 | D18: =SUMIF('Progress Report'!$U$5:$U$354,$A18,'Progress Report'!$K$5:$K$354) -> 0 | E18: =SUMIF('Progress Report'!$U$5:$U$354,$A18,'Progress Report'!$L$5:$L$354) -> 4418000 | F18: =IF(C18=0,0,E18/C18) -> 0.79175627 | G18: =SUMIF('Progress Report'!$U$5:$U$354,$A18,'Progress Report'!$P$5:$P$354) -> 1162000 | H18: =COUNTIF('Progress Report'!$U$5:$U$354,$A18) -> 3
A19: BQ | B19: =SUMIF('Progress Report'!$U$5:$U$354,$A19,'Progress Report'!$I$5:$I$354) -> 2280200 | C19: =SUMIF('Progress Report'!$U$5:$U$354,$A19,'Progress Report'!$J$5:$J$354) -> 2161700 | D19: =SUMIF('Progress Report'!$U$5:$U$354,$A19,'Progress Report'!$K$5:$K$354) -> -118500 | E19: =SUMIF('Progress Report'!$U$5:$U$354,$A19,'Progress Report'!$L$5:$L$354) -> 1634370 | F19: =IF(C19=0,0,E19/C19) -> 0.75605773 | G19: =SUMIF('Progress Report'!$U$5:$U$354,$A19,'Progress Report'!$P$5:$P$354) -> 527330 | H19: =COUNTIF('Progress Report'!$U$5:$U$354,$A19) -> 3
A20: NBQ | B20: =SUMIF('Progress Report'!$U$5:$U$354,$A20,'Progress Report'!$I$5:$I$354) -> 0 | C20: =SUMIF('Progress Report'!$U$5:$U$354,$A20,'Progress Report'!$J$5:$J$354) -> 0 | D20: =SUMIF('Progress Report'!$U$5:$U$354,$A20,'Progress Report'!$K$5:$K$354) -> 0 | E20: =SUMIF('Progress Report'!$U$5:$U$354,$A20,'Progress Report'!$L$5:$L$354) -> 0 | F20: =IF(C20=0,0,E20/C20) -> 0 | G20: =SUMIF('Progress Report'!$U$5:$U$354,$A20,'Progress Report'!$P$5:$P$354) -> 0 | H20: =COUNTIF('Progress Report'!$U$5:$U$354,$A20) -> 0
A21: CR1 | B21: =SUMIF('Progress Report'!$U$5:$U$354,$A21,'Progress Report'!$I$5:$I$354) -> 0 | C21: =SUMIF('Progress Report'!$U$5:$U$354,$A21,'Progress Report'!$J$5:$J$354) -> 0 | D21: =SUMIF('Progress Report'!$U$5:$U$354,$A21,'Progress Report'!$K$5:$K$354) -> 0 | E21: =SUMIF('Progress Report'!$U$5:$U$354,$A21,'Progress Report'!$L$5:$L$354) -> 0 | F21: =IF(C21=0,0,E21/C21) -> 0 | G21: =SUMIF('Progress Report'!$U$5:$U$354,$A21,'Progress Report'!$P$5:$P$354) -> 0 | H21: =COUNTIF('Progress Report'!$U$5:$U$354,$A21) -> 0
A22: الإجمالي | B22: =SUM(B18:B21) -> 7860200 | C22: =SUM(C18:C21) -> 7741700 | D22: =SUM(D18:D21) -> -118500 | E22: =SUM(E18:E21) -> 6052370 | F22: =IF(C22=0,0,E22/C22) -> 0.78178824 | G22: =SUM(G18:G21) -> 1689330 | H22: =SUM(H18:H21) -> 6
A25: حالة أمر التغيير | B25: عدد البنود | C25: القيمة الأصلية (SAR) | D25: القيمة المعتمدة (SAR) | E25: الفرق (SAR)
A26: جديد بأمر التغيير | B26: =COUNTIF('Progress Report'!$T$5:$T$354,A26) -> 0 | C26: =SUMIF('Progress Report'!$T$5:$T$354,$A26,'Progress Report'!$I$5:$I$354) -> 0 | D26: =SUMIF('Progress Report'!$T$5:$T$354,$A26,'Progress Report'!$J$5:$J$354) -> 0 | E26: =SUMIF('Progress Report'!$T$5:$T$354,$A26,'Progress Report'!$K$5:$K$354) -> 0
A27: زيادة | B27: =COUNTIF('Progress Report'!$T$5:$T$354,A27) -> 0 | C27: =SUMIF('Progress Report'!$T$5:$T$354,$A27,'Progress Report'!$I$5:$I$354) -> 0 | D27: =SUMIF('Progress Report'!$T$5:$T$354,$A27,'Progress Report'!$J$5:$J$354) -> 0 | E27: =SUMIF('Progress Report'!$T$5:$T$354,$A27,'Progress Report'!$K$5:$K$354) -> 0
A28: نقص | B28: =COUNTIF('Progress Report'!$T$5:$T$354,A28) -> 2 | C28: =SUMIF('Progress Report'!$T$5:$T$354,$A28,'Progress Report'!$I$5:$I$354) -> #VALUE! | D28: =SUMIF('Progress Report'!$T$5:$T$354,$A28,'Progress Report'!$J$5:$J$354) -> #VALUE! | E28: =SUMIF('Progress Report'!$T$5:$T$354,$A28,'Progress Report'!$K$5:$K$354) -> #VALUE!
A29: بدون تغيير | B29: =COUNTIF('Progress Report'!$T$5:$T$354,A29) -> 27 | C29: =SUMIF('Progress Report'!$T$5:$T$354,$A29,'Progress Report'!$I$5:$I$354) -> 6296000 | D29: =SUMIF('Progress Report'!$T$5:$T$354,$A29,'Progress Report'!$J$5:$J$354) -> 6296000 | E29: =SUMIF('Progress Report'!$T$5:$T$354,$A29,'Progress Report'!$K$5:$K$354) -> 0
A30: إلغاء | B30: =COUNTIF('Progress Report'!$T$5:$T$354,A30) -> 0 | C30: =SUMIF('Progress Report'!$T$5:$T$354,$A30,'Progress Report'!$I$5:$I$354) -> 0 | D30: =SUMIF('Progress Report'!$T$5:$T$354,$A30,'Progress Report'!$J$5:$J$354) -> 0 | E30: =SUMIF('Progress Report'!$T$5:$T$354,$A30,'Progress Report'!$K$5:$K$354) -> 0
A31: الإجمالي | B31: =SUM(B26:B30) -> 29 | C31: =SUM(C26:C30) -> #VALUE! | D31: =SUM(D26:D30) -> #VALUE! | E31: =SUM(E26:E30) -> #VALUE!
A34: رقم المستخلص | B34: قيمة المستخلص (SAR) | C34: تراكمي (SAR) | D34: تراكمي % من المعتمد | F34: آخر مستخلص | G34: =MAX('Details Data Board'!$E$3:$E$6001) -> #REF!
A35: 1 | B35: =IF(A35>$G$34,NA(),SUMIF('Details Data Board'!$E$3:$E$6001,A35,'Details Data Board'!$I$3:$I$6001)) -> #REF! | C35: =IF(A35>$G$34,NA(),SUM(B$35:B35)) -> #REF! | D35: =IF(A35>$G$34,NA(),IF('Progress Report'!J3=0,0,C35/'Progress Report'!J3)) -> #REF!
A36: 2 | B36: =IF(A36>$G$34,NA(),SUMIF('Details Data Board'!$E$3:$E$6001,A36,'Details Data Board'!$I$3:$I$6001)) -> #REF! | C36: =IF(A36>$G$34,NA(),SUM(B$35:B36)) -> #REF! | D36: =IF(A36>$G$34,NA(),IF('Progress Report'!J3=0,0,C36/'Progress Report'!J3)) -> #REF!
A37: 3 | B37: =IF(A37>$G$34,NA(),SUMIF('Details Data Board'!$E$3:$E$6001,A37,'Details Data Board'!$I$3:$I$6001)) -> #REF! | C37: =IF(A37>$G$34,NA(),SUM(B$35:B37)) -> #REF! | D37: =IF(A37>$G$34,NA(),IF('Progress Report'!J3=0,0,C37/'Progress Report'!J3)) -> #REF!
A38: 4 | B38: =IF(A38>$G$34,NA(),SUMIF('Details Data Board'!$E$3:$E$6001,A38,'Details Data Board'!$I$3:$I$6001)) -> #REF! | C38: =IF(A38>$G$34,NA(),SUM(B$35:B38)) -> #REF! | D38: =IF(A38>$G$34,NA(),IF('Progress Report'!J3=0,0,C38/'Progress Report'!J3)) -> #REF!
A39: 5 | B39: =IF(A39>$G$34,NA(),SUMIF('Details Data Board'!$E$3:$E$6001,A39,'Details Data Board'!$I$3:$I$6001)) -> #REF! | C39: =IF(A39>$G$34,NA(),SUM(B$35:B39)) -> #REF! | D39: =IF(A39>$G$34,NA(),IF('Progress Report'!J3=0,0,C39/'Progress Report'!J3)) -> #REF!
A40: 6 | B40: =IF(A40>$G$34,NA(),SUMIF('Details Data Board'!$E$3:$E$6001,A40,'Details Data Board'!$I$3:$I$6001)) -> #REF! | C40: =IF(A40>$G$34,NA(),SUM(B$35:B40)) -> #REF! | D40: =IF(A40>$G$34,NA(),IF('Progress Report'!J3=0,0,C40/'Progress Report'!J3)) -> #REF!
A41: 7 | B41: =IF(A41>$G$34,NA(),SUMIF('Details Data Board'!$E$3:$E$6001,A41,'Details Data Board'!$I$3:$I$6001)) -> #REF! | C41: =IF(A41>$G$34,NA(),SUM(B$35:B41)) -> #REF! | D41: =IF(A41>$G$34,NA(),IF('Progress Report'!J3=0,0,C41/'Progress Report'!J3)) -> #REF!
A42: 8 | B42: =IF(A42>$G$34,NA(),SUMIF('Details Data Board'!$E$3:$E$6001,A42,'Details Data Board'!$I$3:$I$6001)) -> #REF! | C42: =IF(A42>$G$34,NA(),SUM(B$35:B42)) -> #REF! | D42: =IF(A42>$G$34,NA(),IF('Progress Report'!J3=0,0,C42/'Progress Report'!J3)) -> #REF!
A43: 9 | B43: =IF(A43>$G$34,NA(),SUMIF('Details Data Board'!$E$3:$E$6001,A43,'Details Data Board'!$I$3:$I$6001)) -> #REF! | C43: =IF(A43>$G$34,NA(),SUM(B$35:B43)) -> #REF! | D43: =IF(A43>$G$34,NA(),IF('Progress Report'!J3=0,0,C43/'Progress Report'!J3)) -> #REF!
A44: 10 | B44: =IF(A44>$G$34,NA(),SUMIF('Details Data Board'!$E$3:$E$6001,A44,'Details Data Board'!$I$3:$I$6001)) -> #REF! | C44: =IF(A44>$G$34,NA(),SUM(B$35:B44)) -> #REF! | D44: =IF(A44>$G$34,NA(),IF('Progress Report'!J3=0,0,C44/'Progress Report'!J3)) -> #REF!
A45: 11 | B45: =IF(A45>$G$34,NA(),SUMIF('Details Data Board'!$E$3:$E$6001,A45,'Details Data Board'!$I$3:$I$6001)) -> #REF! | C45: =IF(A45>$G$34,NA(),SUM(B$35:B45)) -> #REF! | D45: =IF(A45>$G$34,NA(),IF('Progress Report'!J3=0,0,C45/'Progress Report'!J3)) -> #REF!
A46: 12 | B46: =IF(A46>$G$34,NA(),SUMIF('Details Data Board'!$E$3:$E$6001,A46,'Details Data Board'!$I$3:$I$6001)) -> #REF! | C46: =IF(A46>$G$34,NA(),SUM(B$35:B46)) -> #REF! | D46: =IF(A46>$G$34,NA(),IF('Progress Report'!J3=0,0,C46/'Progress Report'!J3)) -> #REF!
A47: 13 | B47: =IF(A47>$G$34,NA(),SUMIF('Details Data Board'!$E$3:$E$6001,A47,'Details Data Board'!$I$3:$I$6001)) -> #REF! | C47: =IF(A47>$G$34,NA(),SUM(B$35:B47)) -> #REF! | D47: =IF(A47>$G$34,NA(),IF('Progress Report'!J3=0,0,C47/'Progress Report'!J3)) -> #REF!
A48: 14 | B48: =IF(A48>$G$34,NA(),SUMIF('Details Data Board'!$E$3:$E$6001,A48,'Details Data Board'!$I$3:$I$6001)) -> #REF! | C48: =IF(A48>$G$34,NA(),SUM(B$35:B48)) -> #REF! | D48: =IF(A48>$G$34,NA(),IF('Progress Report'!J3=0,0,C48/'Progress Report'!J3)) -> #REF!
A49: 15 | B49: =IF(A49>$G$34,NA(),SUMIF('Details Data Board'!$E$3:$E$6001,A49,'Details Data Board'!$I$3:$I$6001)) -> #REF! | C49: =IF(A49>$G$34,NA(),SUM(B$35:B49)) -> #REF! | D49: =IF(A49>$G$34,NA(),IF('Progress Report'!J3=0,0,C49/'Progress Report'!J3)) -> #REF!
A50: 16 | B50: =IF(A50>$G$34,NA(),SUMIF('Details Data Board'!$E$3:$E$6001,A50,'Details Data Board'!$I$3:$I$6001)) -> #REF! | C50: =IF(A50>$G$34,NA(),SUM(B$35:B50)) -> #REF! | D50: =IF(A50>$G$34,NA(),IF('Progress Report'!J3=0,0,C50/'Progress Report'!J3)) -> #REF!
A51: 17 | B51: =IF(A51>$G$34,NA(),SUMIF('Details Data Board'!$E$3:$E$6001,A51,'Details Data Board'!$I$3:$I$6001)) -> #REF! | C51: =IF(A51>$G$34,NA(),SUM(B$35:B51)) -> #REF! | D51: =IF(A51>$G$34,NA(),IF('Progress Report'!J3=0,0,C51/'Progress Report'!J3)) -> #REF!
A52: 18 | B52: =IF(A52>$G$34,NA(),SUMIF('Details Data Board'!$E$3:$E$6001,A52,'Details Data Board'!$I$3:$I$6001)) -> #REF! | C52: =IF(A52>$G$34,NA(),SUM(B$35:B52)) -> #REF! | D52: =IF(A52>$G$34,NA(),IF('Progress Report'!J3=0,0,C52/'Progress Report'!J3)) -> #REF!
A53: 19 | B53: =IF(A53>$G$34,NA(),SUMIF('Details Data Board'!$E$3:$E$6001,A53,'Details Data Board'!$I$3:$I$6001)) -> #REF! | C53: =IF(A53>$G$34,NA(),SUM(B$35:B53)) -> #REF! | D53: =IF(A53>$G$34,NA(),IF('Progress Report'!J3=0,0,C53/'Progress Report'!J3)) -> #REF!
A54: 20 | B54: =IF(A54>$G$34,NA(),SUMIF('Details Data Board'!$E$3:$E$6001,A54,'Details Data Board'!$I$3:$I$6001)) -> #REF! | C54: =IF(A54>$G$34,NA(),SUM(B$35:B54)) -> #REF! | D54: =IF(A54>$G$34,NA(),IF('Progress Report'!J3=0,0,C54/'Progress Report'!J3)) -> #REF!
A55: 21 | B55: =IF(A55>$G$34,NA(),SUMIF('Details Data Board'!$E$3:$E$6001,A55,'Details Data Board'!$I$3:$I$6001)) -> #REF! | C55: =IF(A55>$G$34,NA(),SUM(B$35:B55)) -> #REF! | D55: =IF(A55>$G$34,NA(),IF('Progress Report'!J3=0,0,C55/'Progress Report'!J3)) -> #REF!
A56: 22 | B56: =IF(A56>$G$34,NA(),SUMIF('Details Data Board'!$E$3:$E$6001,A56,'Details Data Board'!$I$3:$I$6001)) -> #REF! | C56: =IF(A56>$G$34,NA(),SUM(B$35:B56)) -> #REF! | D56: =IF(A56>$G$34,NA(),IF('Progress Report'!J3=0,0,C56/'Progress Report'!J3)) -> #REF!
A57: 23 | B57: =IF(A57>$G$34,NA(),SUMIF('Details Data Board'!$E$3:$E$6001,A57,'Details Data Board'!$I$3:$I$6001)) -> #REF! | C57: =IF(A57>$G$34,NA(),SUM(B$35:B57)) -> #REF! | D57: =IF(A57>$G$34,NA(),IF('Progress Report'!J3=0,0,C57/'Progress Report'!J3)) -> #REF!
A58: 24 | B58: =IF(A58>$G$34,NA(),SUMIF('Details Data Board'!$E$3:$E$6001,A58,'Details Data Board'!$I$3:$I$6001)) -> #REF! | C58: =IF(A58>$G$34,NA(),SUM(B$35:B58)) -> #REF! | D58: =IF(A58>$G$34,NA(),IF('Progress Report'!J3=0,0,C58/'Progress Report'!J3)) -> #REF!
A59: 25 | B59: =IF(A59>$G$34,NA(),SUMIF('Details Data Board'!$E$3:$E$6001,A59,'Details Data Board'!$I$3:$I$6001)) -> #REF! | C59: =IF(A59>$G$34,NA(),SUM(B$35:B59)) -> #REF! | D59: =IF(A59>$G$34,NA(),IF('Progress Report'!J3=0,0,C59/'Progress Report'!J3)) -> #REF!
A60: 26 | B60: =IF(A60>$G$34,NA(),SUMIF('Details Data Board'!$E$3:$E$6001,A60,'Details Data Board'!$I$3:$I$6001)) -> #REF! | C60: =IF(A60>$G$34,NA(),SUM(B$35:B60)) -> #REF! | D60: =IF(A60>$G$34,NA(),IF('Progress Report'!J3=0,0,C60/'Progress Report'!J3)) -> #REF!
A61: 27 | B61: =IF(A61>$G$34,NA(),SUMIF('Details Data Board'!$E$3:$E$6001,A61,'Details Data Board'!$I$3:$I$6001)) -> #REF! | C61: =IF(A61>$G$34,NA(),SUM(B$35:B61)) -> #REF! | D61: =IF(A61>$G$34,NA(),IF('Progress Report'!J3=0,0,C61/'Progress Report'!J3)) -> #REF!
A62: 28 | B62: =IF(A62>$G$34,NA(),SUMIF('Details Data Board'!$E$3:$E$6001,A62,'Details Data Board'!$I$3:$I$6001)) -> #REF! | C62: =IF(A62>$G$34,NA(),SUM(B$35:B62)) -> #REF! | D62: =IF(A62>$G$34,NA(),IF('Progress Report'!J3=0,0,C62/'Progress Report'!J3)) -> #REF!
A63: 29 | B63: =IF(A63>$G$34,NA(),SUMIF('Details Data Board'!$E$3:$E$6001,A63,'Details Data Board'!$I$3:$I$6001)) -> #REF! | C63: =IF(A63>$G$34,NA(),SUM(B$35:B63)) -> #REF! | D63: =IF(A63>$G$34,NA(),IF('Progress Report'!J3=0,0,C63/'Progress Report'!J3)) -> #REF!
A64: 30 | B64: =IF(A64>$G$34,NA(),SUMIF('Details Data Board'!$E$3:$E$6001,A64,'Details Data Board'!$I$3:$I$6001)) -> #REF! | C64: =IF(A64>$G$34,NA(),SUM(B$35:B64)) -> #REF! | D64: =IF(A64>$G$34,NA(),IF('Progress Report'!J3=0,0,C64/'Progress Report'!J3)) -> #REF!
A65: 31 | B65: =IF(A65>$G$34,NA(),SUMIF('Details Data Board'!$E$3:$E$6001,A65,'Details Data Board'!$I$3:$I$6001)) -> #REF! | C65: =IF(A65>$G$34,NA(),SUM(B$35:B65)) -> #REF! | D65: =IF(A65>$G$34,NA(),IF('Progress Report'!J3=0,0,C65/'Progress Report'!J3)) -> #REF!
A66: 32 | B66: =IF(A66>$G$34,NA(),SUMIF('Details Data Board'!$E$3:$E$6001,A66,'Details Data Board'!$I$3:$I$6001)) -> #REF! | C66: =IF(A66>$G$34,NA(),SUM(B$35:B66)) -> #REF! | D66: =IF(A66>$G$34,NA(),IF('Progress Report'!J3=0,0,C66/'Progress Report'!J3)) -> #REF!
A67: 33 | B67: =IF(A67>$G$34,NA(),SUMIF('Details Data Board'!$E$3:$E$6001,A67,'Details Data Board'!$I$3:$I$6001)) -> #REF! | C67: =IF(A67>$G$34,NA(),SUM(B$35:B67)) -> #REF! | D67: =IF(A67>$G$34,NA(),IF('Progress Report'!J3=0,0,C67/'Progress Report'!J3)) -> #REF!
A68: 34 | B68: =IF(A68>$G$34,NA(),SUMIF('Details Data Board'!$E$3:$E$6001,A68,'Details Data Board'!$I$3:$I$6001)) -> #REF! | C68: =IF(A68>$G$34,NA(),SUM(B$35:B68)) -> #REF! | D68: =IF(A68>$G$34,NA(),IF('Progress Report'!J3=0,0,C68/'Progress Report'!J3)) -> #REF!
A69: 35 | B69: =IF(A69>$G$34,NA(),SUMIF('Details Data Board'!$E$3:$E$6001,A69,'Details Data Board'!$I$3:$I$6001)) -> #REF! | C69: =IF(A69>$G$34,NA(),SUM(B$35:B69)) -> #REF! | D69: =IF(A69>$G$34,NA(),IF('Progress Report'!J3=0,0,C69/'Progress Report'!J3)) -> #REF!
A70: 36 | B70: =IF(A70>$G$34,NA(),SUMIF('Details Data Board'!$E$3:$E$6001,A70,'Details Data Board'!$I$3:$I$6001)) -> #REF! | C70: =IF(A70>$G$34,NA(),SUM(B$35:B70)) -> #REF! | D70: =IF(A70>$G$34,NA(),IF('Progress Report'!J3=0,0,C70/'Progress Report'!J3)) -> #REF!
A73: مراجعة المطابقة | B73: الفرق (يجب = 0)
A74: القيمة المعتمدة في التقرير مقابل TOTAL في SUMMARY (مجموع الفروق) | B74: =ROUND(SUMPRODUCT(ABS('Progress Report'!$Y$5:$Y$354)),0) -> #VALUE!
A75: المفوتر في التقرير مقابل مجموع صفوف INVOICE | B75: =ROUND('Progress Report'!L3-SUM('Details Data Board'!$I$3:$I$6001),0) -> #REF!
A76: المفوتر مقابل مجموع صفوف Overall Completion INVOICE (إجماليات البنود) | B76: =ROUND('Progress Report'!L3-SUM('Details Data Board'!$J$3:$J$6001),0) -> #REF!
A77: مجموع المجموعات مقابل إجمالي التقرير (لو ظهرت مجموعة جديدة أضفها للقائمة) | B77: =ROUND(C22-'Progress Report'!J3,0) -> #VALUE!
A78: عدد بنود SUMMARY مقابل عدد صفوف التقرير (سعة التقرير 350) | B78: =MAX('Details Data Board'!$A$3:$A$6001)-'Progress Report'!A3 -> #REF!

Sheet Details Data Board
A2: عداد البنود | B2: صف بند؟ | C2: كود البند | D2: نوع الصف | E2: رقم المستخلص | F2: آخر عمود (صف البند) | G2: آخر عمود (صف الإجمالي) | H2: حد أعمدة المراحل | I2: قيمة صف المستخلص | J2: إجمالي صف Overall
A3: =B3 -> 0 | B3: 0 | C3: =IF(B3=1,'Tracker&Invoice'!A2,"") | D3: =IF(LEFT(TRIM('Tracker&Invoice'!B2),9)="INVOICE #","INVOICE",IF(TRIM('Tracker&Invoice'!B2)="Overall Completion INVOICE","OVERALL","")) | E3: =IF(D3="INVOICE",VALUE(MID(TRIM('Tracker&Invoice'!B2),10,10)),"") | F3: =IF(B3=1,IFERROR(LOOKUP(2,1/('Tracker&Invoice'!$H2:$AC2<>""),COLUMN('Tracker&Invoice'!$H2:$AC2)),8),8) -> 8 | G3: =IF(D3="OVERALL",IFERROR(LOOKUP(2,1/('Tracker&Invoice'!$H2:$AC2<>""),COLUMN('Tracker&Invoice'!$H2:$AC2)),8),G4) -> 8 | H3: =MAX(F3,G3) -> 8 | I3: =IF(D3="INVOICE",SUM('Tracker&Invoice'!$H2:INDEX('Tracker&Invoice'!$A2:$AC2,1,H3)),0) -> 0 | J3: =IF(D3="OVERALL",SUM('Tracker&Invoice'!$H2:$AC2),0) -> 0
A4: =A3+B4 -> 0 | B4: =IF(AND('Tracker&Invoice'!A3<>"",'Tracker&Invoice'!A3<>"ITEM",'Tracker&Invoice'!A1="ITEM"),1,0) -> 0 | C4: =IF(B4=1,'Tracker&Invoice'!A3,C3) | D4: =IF(LEFT(TRIM('Tracker&Invoice'!B3),9)="INVOICE #","INVOICE",IF(TRIM('Tracker&Invoice'!B3)="Overall Completion INVOICE","OVERALL","")) | E4: =IF(D4="INVOICE",VALUE(MID(TRIM('Tracker&Invoice'!B3),10,10)),"") | F4: =IF(B4=1,IFERROR(LOOKUP(2,1/('Tracker&Invoice'!$H3:$AC3<>""),COLUMN('Tracker&Invoice'!$H3:$AC3)),8),F3) -> 8 | G4: =IF(D4="OVERALL",IFERROR(LOOKUP(2,1/('Tracker&Invoice'!$H3:$AC3<>""),COLUMN('Tracker&Invoice'!$H3:$AC3)),8),G5) -> 8 | H4: =MAX(F4,G4) -> 8 | I4: =IF(D4="INVOICE",SUM('Tracker&Invoice'!$H3:INDEX('Tracker&Invoice'!$A3:$AC3,1,H4)),0) -> 0 | J4: =IF(D4="OVERALL",SUM('Tracker&Invoice'!$H3:$AC3),0) -> 0
A5: =A4+B5 -> 1 | B5: =IF(AND('Tracker&Invoice'!A4<>"",'Tracker&Invoice'!A4<>"ITEM",'Tracker&Invoice'!A2="ITEM"),1,0) -> 1 | C5: =IF(B5=1,'Tracker&Invoice'!A4,C4) -> D-001 | D5: =IF(LEFT(TRIM('Tracker&Invoice'!B4),9)="INVOICE #","INVOICE",IF(TRIM('Tracker&Invoice'!B4)="Overall Completion INVOICE","OVERALL","")) | E5: =IF(D5="INVOICE",VALUE(MID(TRIM('Tracker&Invoice'!B4),10,10)),"") | F5: =IF(B5=1,IFERROR(LOOKUP(2,1/('Tracker&Invoice'!$H4:$AC4<>""),COLUMN('Tracker&Invoice'!$H4:$AC4)),8),F4) -> 10 | G5: =IF(D5="OVERALL",IFERROR(LOOKUP(2,1/('Tracker&Invoice'!$H4:$AC4<>""),COLUMN('Tracker&Invoice'!$H4:$AC4)),8),G6) -> 8 | H5: =MAX(F5,G5) -> 10 | I5: =IF(D5="INVOICE",SUM('Tracker&Invoice'!$H4:INDEX('Tracker&Invoice'!$A4:$AC4,1,H5)),0) -> 0 | J5: =IF(D5="OVERALL",SUM('Tracker&Invoice'!$H4:$AC4),0) -> 0
A6: =A5+B6 -> 1 | B6: =IF(AND('Tracker&Invoice'!A5<>"",'Tracker&Invoice'!A5<>"ITEM",'Tracker&Invoice'!A3="ITEM"),1,0) -> 0 | C6: =IF(B6=1,'Tracker&Invoice'!A5,C5) -> D-001 | D6: =IF(LEFT(TRIM('Tracker&Invoice'!B5),9)="INVOICE #","INVOICE",IF(TRIM('Tracker&Invoice'!B5)="Overall Completion INVOICE","OVERALL","")) | E6: =IF(D6="INVOICE",VALUE(MID(TRIM('Tracker&Invoice'!B5),10,10)),"") | F6: =IF(B6=1,IFERROR(LOOKUP(2,1/('Tracker&Invoice'!$H5:$AC5<>""),COLUMN('Tracker&Invoice'!$H5:$AC5)),8),F5) -> 10 | G6: =IF(D6="OVERALL",IFERROR(LOOKUP(2,1/('Tracker&Invoice'!$H5:$AC5<>""),COLUMN('Tracker&Invoice'!$H5:$AC5)),8),G7) -> 8 | H6: =MAX(F6,G6) -> 10 | I6: =IF(D6="INVOICE",SUM('Tracker&Invoice'!$H5:INDEX('Tracker&Invoice'!$A5:$AC5,1,H6)),0) -> 0 | J6: =IF(D6="OVERALL",SUM('Tracker&Invoice'!$H5:$AC5),0) -> 0
A7: =A6+B7 -> 1 | B7: =IF(AND('Tracker&Invoice'!A6<>"",'Tracker&Invoice'!A6<>"ITEM",'Tracker&Invoice'!A4="ITEM"),1,0) -> 0 | C7: =IF(B7=1,'Tracker&Invoice'!A6,C6) -> D-001 | D7: =IF(LEFT(TRIM('Tracker&Invoice'!B6),9)="INVOICE #","INVOICE",IF(TRIM('Tracker&Invoice'!B6)="Overall Completion INVOICE","OVERALL","")) | E7: =IF(D7="INVOICE",VALUE(MID(TRIM('Tracker&Invoice'!B6),10,10)),"") | F7: =IF(B7=1,IFERROR(LOOKUP(2,1/('Tracker&Invoice'!$H6:$AC6<>""),COLUMN('Tracker&Invoice'!$H6:$AC6)),8),F6) -> 10 | G7: =IF(D7="OVERALL",IFERROR(LOOKUP(2,1/('Tracker&Invoice'!$H6:$AC6<>""),COLUMN('Tracker&Invoice'!$H6:$AC6)),8),G8) -> 8 | H7: =MAX(F7,G7) -> 10 | I7: =IF(D7="INVOICE",SUM('Tracker&Invoice'!$H6:INDEX('Tracker&Invoice'!$A6:$AC6,1,H7)),0) -> 0 | J7: =IF(D7="OVERALL",SUM('Tracker&Invoice'!$H6:$AC6),0) -> 0
A8: =A7+B8 -> 1 | B8: =IF(AND('Tracker&Invoice'!A7<>"",'Tracker&Invoice'!A7<>"ITEM",'Tracker&Invoice'!A5="ITEM"),1,0) -> 0 | C8: =IF(B8=1,'Tracker&Invoice'!A7,C7) -> D-001 | D8: =IF(LEFT(TRIM('Tracker&Invoice'!B7),9)="INVOICE #","INVOICE",IF(TRIM('Tracker&Invoice'!B7)="Overall Completion INVOICE","OVERALL","")) -> INVOICE | E8: =IF(D8="INVOICE",VALUE(MID(TRIM('Tracker&Invoice'!B7),10,10)),"") -> 1 | F8: =IF(B8=1,IFERROR(LOOKUP(2,1/('Tracker&Invoice'!$H7:$AC7<>""),COLUMN('Tracker&Invoice'!$H7:$AC7)),8),F7) -> 10 | G8: =IF(D8="OVERALL",IFERROR(LOOKUP(2,1/('Tracker&Invoice'!$H7:$AC7<>""),COLUMN('Tracker&Invoice'!$H7:$AC7)),8),G9) -> 8 | H8: =MAX(F8,G8) -> 10 | I8: =IF(D8="INVOICE",SUM('Tracker&Invoice'!$H7:INDEX('Tracker&Invoice'!$A7:$AC7,1,H8)),0) -> 1704000 | J8: =IF(D8="OVERALL",SUM('Tracker&Invoice'!$H7:$AC7),0) -> 0
A9: =A8+B9 -> 1 | B9: =IF(AND('Tracker&Invoice'!A8<>"",'Tracker&Invoice'!A8<>"ITEM",'Tracker&Invoice'!A6="ITEM"),1,0) -> 0 | C9: =IF(B9=1,'Tracker&Invoice'!A8,C8) -> D-001 | D9: =IF(LEFT(TRIM('Tracker&Invoice'!B8),9)="INVOICE #","INVOICE",IF(TRIM('Tracker&Invoice'!B8)="Overall Completion INVOICE","OVERALL","")) | E9: =IF(D9="INVOICE",VALUE(MID(TRIM('Tracker&Invoice'!B8),10,10)),"") | F9: =IF(B9=1,IFERROR(LOOKUP(2,1/('Tracker&Invoice'!$H8:$AC8<>""),COLUMN('Tracker&Invoice'!$H8:$AC8)),8),F8) -> 10 | G9: =IF(D9="OVERALL",IFERROR(LOOKUP(2,1/('Tracker&Invoice'!$H8:$AC8<>""),COLUMN('Tracker&Invoice'!$H8:$AC8)),8),G10) -> 8 | H9: =MAX(F9,G9) -> 10 | I9: =IF(D9="INVOICE",SUM('Tracker&Invoice'!$H8:INDEX('Tracker&Invoice'!$A8:$AC8,1,H9)),0) -> 0 | J9: =IF(D9="OVERALL",SUM('Tracker&Invoice'!$H8:$AC8),0) -> 0
A10: =A9+B10 -> 1 | B10: =IF(AND('Tracker&Invoice'!A9<>"",'Tracker&Invoice'!A9<>"ITEM",'Tracker&Invoice'!A7="ITEM"),1,0) -> 0 | C10: =IF(B10=1,'Tracker&Invoice'!A9,C9) -> D-001 | D10: =IF(LEFT(TRIM('Tracker&Invoice'!B9),9)="INVOICE #","INVOICE",IF(TRIM('Tracker&Invoice'!B9)="Overall Completion INVOICE","OVERALL","")) -> INVOICE | E10: =IF(D10="INVOICE",VALUE(MID(TRIM('Tracker&Invoice'!B9),10,10)),"") -> 3 | F10: =IF(B10=1,IFERROR(LOOKUP(2,1/('Tracker&Invoice'!$H9:$AC9<>""),COLUMN('Tracker&Invoice'!$H9:$AC9)),8),F9) -> 10 | G10: =IF(D10="OVERALL",IFERROR(LOOKUP(2,1/('Tracker&Invoice'!$H9:$AC9<>""),COLUMN('Tracker&Invoice'!$H9:$AC9)),8),G11) -> 8 | H10: =MAX(F10,G10) -> 10 | I10: =IF(D10="INVOICE",SUM('Tracker&Invoice'!$H9:INDEX('Tracker&Invoice'!$A9:$AC9,1,H10)),0) -> 852000 | J10: =IF(D10="OVERALL",SUM('Tracker&Invoice'!$H9:$AC9),0) -> 0
A11: =A10+B11 -> 1 | B11: =IF(AND('Tracker&Invoice'!A10<>"",'Tracker&Invoice'!A10<>"ITEM",'Tracker&Invoice'!A8="ITEM"),1,0) -> 0 | C11: =IF(B11=1,'Tracker&Invoice'!A10,C10) -> D-001 | D11: =IF(LEFT(TRIM('Tracker&Invoice'!B10),9)="INVOICE #","INVOICE",IF(TRIM('Tracker&Invoice'!B10)="Overall Completion INVOICE","OVERALL","")) | E11: =IF(D11="INVOICE",VALUE(MID(TRIM('Tracker&Invoice'!B10),10,10)),"") | F11: =IF(B11=1,IFERROR(LOOKUP(2,1/('Tracker&Invoice'!$H10:$AC10<>""),COLUMN('Tracker&Invoice'!$H10:$AC10)),8),F10) -> 10 | G11: =IF(D11="OVERALL",IFERROR(LOOKUP(2,1/('Tracker&Invoice'!$H10:$AC10<>""),COLUMN('Tracker&Invoice'!$H10:$AC10)),8),G12) -> 8 | H11: =MAX(F11,G11) -> 10 | I11: =IF(D11="INVOICE",SUM('Tracker&Invoice'!$H10:INDEX('Tracker&Invoice'!$A10:$AC10,1,H11)),0) -> 0 | J11: =IF(D11="OVERALL",SUM('Tracker&Invoice'!$H10:$AC10),0) -> 0
A12: =A11+B12 -> 1 | B12: =IF(AND('Tracker&Invoice'!A11<>"",'Tracker&Invoice'!A11<>"ITEM",'Tracker&Invoice'!A9="ITEM"),1,0) -> 0 | C12: =IF(B12=1,'Tracker&Invoice'!A11,C11) -> D-001 | D12: =IF(LEFT(TRIM('Tracker&Invoice'!B11),9)="INVOICE #","INVOICE",IF(TRIM('Tracker&Invoice'!B11)="Overall Completion INVOICE","OVERALL","")) -> INVOICE | E12: =IF(D12="INVOICE",VALUE(MID(TRIM('Tracker&Invoice'!B11),10,10)),"") -> 5 | F12: =IF(B12=1,IFERROR(LOOKUP(2,1/('Tracker&Invoice'!$H11:$AC11<>""),COLUMN('Tracker&Invoice'!$H11:$AC11)),8),F11) -> 10 | G12: =IF(D12="OVERALL",IFERROR(LOOKUP(2,1/('Tracker&Invoice'!$H11:$AC11<>""),COLUMN('Tracker&Invoice'!$H11:$AC11)),8),G13) -> 8 | H12: =MAX(F12,G12) -> 10 | I12: =IF(D12="INVOICE",SUM('Tracker&Invoice'!$H11:INDEX('Tracker&Invoice'!$A11:$AC11,1,H12)),0) -> 284000 | J12: =IF(D12="OVERALL",SUM('Tracker&Invoice'!$H11:$AC11),0) -> 0
A13: =A12+B13 -> 1 | B13: =IF(AND('Tracker&Invoice'!A12<>"",'Tracker&Invoice'!A12<>"ITEM",'Tracker&Invoice'!A10="ITEM"),1,0) -> 0 | C13: =IF(B13=1,'Tracker&Invoice'!A12,C12) -> D-001 | D13: =IF(LEFT(TRIM('Tracker&Invoice'!B12),9)="INVOICE #","INVOICE",IF(TRIM('Tracker&Invoice'!B12)="Overall Completion INVOICE","OVERALL","")) -> OVERALL | E13: =IF(D13="INVOICE",VALUE(MID(TRIM('Tracker&Invoice'!B12),10,10)),"") | F13: =IF(B13=1,IFERROR(LOOKUP(2,1/('Tracker&Invoice'!$H12:$AC12<>""),COLUMN('Tracker&Invoice'!$H12:$AC12)),8),F12) -> 10 | G13: =IF(D13="OVERALL",IFERROR(LOOKUP(2,1/('Tracker&Invoice'!$H12:$AC12<>""),COLUMN('Tracker&Invoice'!$H12:$AC12)),8),G14) -> 8 | H13: =MAX(F13,G13) -> 10 | I13: =IF(D13="INVOICE",SUM('Tracker&Invoice'!$H12:INDEX('Tracker&Invoice'!$A12:$AC12,1,H13)),0) -> 0 | J13: =IF(D13="OVERALL",SUM('Tracker&Invoice'!$H12:$AC12),0) -> 2840000
A14: =A13+B14 -> 1 | B14: =IF(AND('Tracker&Invoice'!A13<>"",'Tracker&Invoice'!A13<>"ITEM",'Tracker&Invoice'!A11="ITEM"),1,0) -> 0 | C14: =IF(B14=1,'Tracker&Invoice'!A13,C13) -> D-001 | D14: =IF(LEFT(TRIM('Tracker&Invoice'!B13),9)="INVOICE #","INVOICE",IF(TRIM('Tracker&Invoice'!B13)="Overall Completion INVOICE","OVERALL","")) | E14: =IF(D14="INVOICE",VALUE(MID(TRIM('Tracker&Invoice'!B13),10,10)),"") | F14: =IF(B14=1,IFERROR(LOOKUP(2,1/('Tracker&Invoice'!$H13:$AC13<>""),COLUMN('Tracker&Invoice'!$H13:$AC13)),8),F13) -> 10 | G14: =IF(D14="OVERALL",IFERROR(LOOKUP(2,1/('Tracker&Invoice'!$H13:$AC13<>""),COLUMN('Tracker&Invoice'!$H13:$AC13)),8),G15) -> 9 | H14: =MAX(F14,G14) -> 10 | I14: =IF(D14="INVOICE",SUM('Tracker&Invoice'!$H13:INDEX('Tracker&Invoice'!$A13:$AC13,1,H14)),0) -> 0 | J14: =IF(D14="OVERALL",SUM('Tracker&Invoice'!$H13:$AC13),0) -> 0
A15: =A14+B15 -> 1 | B15: =IF(AND('Tracker&Invoice'!A14<>"",'Tracker&Invoice'!A14<>"ITEM",'Tracker&Invoice'!A12="ITEM"),1,0) -> 0 | C15: =IF(B15=1,'Tracker&Invoice'!A14,C14) -> D-001 | D15: =IF(LEFT(TRIM('Tracker&Invoice'!B14),9)="INVOICE #","INVOICE",IF(TRIM('Tracker&Invoice'!B14)="Overall Completion INVOICE","OVERALL","")) | E15: =IF(D15="INVOICE",VALUE(MID(TRIM('Tracker&Invoice'!B14),10,10)),"") | F15: =IF(B15=1,IFERROR(LOOKUP(2,1/('Tracker&Invoice'!$H14:$AC14<>""),COLUMN('Tracker&Invoice'!$H14:$AC14)),8),F14) -> 10 | G15: =IF(D15="OVERALL",IFERROR(LOOKUP(2,1/('Tracker&Invoice'!$H14:$AC14<>""),COLUMN('Tracker&Invoice'!$H14:$AC14)),8),G16) -> 9 | H15: =MAX(F15,G15) -> 10 | I15: =IF(D15="INVOICE",SUM('Tracker&Invoice'!$H14:INDEX('Tracker&Invoice'!$A14:$AC14,1,H15)),0) -> 0 | J15: =IF(D15="OVERALL",SUM('Tracker&Invoice'!$H14:$AC14),0) -> 0
... A127: =A126+B127 -> 6 | B127: =IF(AND('Tracker&Invoice'!A126<>"",'Tracker&Invoice'!A126<>"ITEM",'Tracker&Invoice'!A124="ITEM"),1,0) -> 0 | C127: =IF(B127=1,'Tracker&Invoice'!A126,C126) -> BQ-003 | D127: =IF(LEFT(TRIM('Tracker&Invoice'!B126),9)="INVOICE #","INVOICE",IF(TRIM('Tracker&Invoice'!B126)="Overall Completion INVOICE","OVERALL","")) -> INVOICE | E127: =IF(D127="INVOICE",VALUE(MID(TRIM('Tracker&Invoice'!B126),10,10)),"") -> 32 | F127: =IF(B127=1,IFERROR(LOOKUP(2,1/('Tracker&Invoice'!$H126:$AC126<>""),COLUMN('Tracker&Invoice'!$H126:$AC126)),8),F126) -> 16 | G127: =IF(D127="OVERALL",IFERROR(LOOKUP(2,1/('Tracker&Invoice'!$H126:$AC126<>""),COLUMN('Tracker&Invoice'!$H126:$AC126)),8),G128) -> 17 | H127: =MAX(F127,G127) -> 17 | I127: =IF(D127="INVOICE",SUM('Tracker&Invoice'!$H126:INDEX('Tracker&Invoice'!$A126:$AC126,1,H127)),0) -> 9480 | J127: =IF(D127="OVERALL",SUM('Tracker&Invoice'!$H126:$AC126),0) -> 0
A128: =A127+B128 -> 6 | B128: =IF(AND('Tracker&Invoice'!A129<>"",'Tracker&Invoice'!A129<>"ITEM",'Tracker&Invoice'!A125="ITEM"),1,0) -> 0 | C128: =IF(B128=1,'Tracker&Invoice'!A129,C127) -> BQ-003 | D128: =IF(LEFT(TRIM('Tracker&Invoice'!B129),9)="INVOICE #","INVOICE",IF(TRIM('Tracker&Invoice'!B129)="Overall Completion INVOICE","OVERALL","")) | E128: =IF(D128="INVOICE",VALUE(MID(TRIM('Tracker&Invoice'!B129),10,10)),"") | F128: =IF(B128=1,IFERROR(LOOKUP(2,1/('Tracker&Invoice'!$H129:$AC129<>""),COLUMN('Tracker&Invoice'!$H129:$AC129)),8),F127) -> 16 | G128: =IF(D128="OVERALL",IFERROR(LOOKUP(2,1/('Tracker&Invoice'!$H129:$AC129<>""),COLUMN('Tracker&Invoice'!$H129:$AC129)),8),G129) -> 17 | H128: =MAX(F128,G128) -> 17 | I128: =IF(D128="INVOICE",SUM('Tracker&Invoice'!$H129:INDEX('Tracker&Invoice'!$A129:$AC129,1,H128)),0) -> 0 | J128: =IF(D128="OVERALL",SUM('Tracker&Invoice'!$H129:$AC129),0) -> 0
A129: =A128+B129 -> 6 | B129: =IF(AND('Tracker&Invoice'!A130<>"",'Tracker&Invoice'!A130<>"ITEM",'Tracker&Invoice'!A126="ITEM"),1,0) -> 0 | C129: =IF(B129=1,'Tracker&Invoice'!A130,C128) -> BQ-003 | D129: =IF(LEFT(TRIM('Tracker&Invoice'!B130),9)="INVOICE #","INVOICE",IF(TRIM('Tracker&Invoice'!B130)="Overall Completion INVOICE","OVERALL","")) -> OVERALL | E129: =IF(D129="INVOICE",VALUE(MID(TRIM('Tracker&Invoice'!B130),10,10)),"") | F129: =IF(B129=1,IFERROR(LOOKUP(2,1/('Tracker&Invoice'!$H130:$AC130<>""),COLUMN('Tracker&Invoice'!$H130:$AC130)),8),F128) -> 16 | G129: =IF(D129="OVERALL",IFERROR(LOOKUP(2,1/('Tracker&Invoice'!$H130:$AC130<>""),COLUMN('Tracker&Invoice'!$H130:$AC130)),8),G130) -> 17 | H129: =MAX(F129,G129) -> 17 | I129: =IF(D129="INVOICE",SUM('Tracker&Invoice'!$H130:INDEX('Tracker&Invoice'!$A130:$AC130,1,H129)),0) -> 0 | J129: =IF(D129="OVERALL",SUM('Tracker&Invoice'!$H130:$AC130),0) -> 1146487.5
A130: =A129+B130 -> 6 | B130: =IF(AND('Tracker&Invoice'!A131<>"",'Tracker&Invoice'!A131<>"ITEM",'Tracker&Invoice'!A129="ITEM"),1,0) -> 0 | C130: =IF(B130=1,'Tracker&Invoice'!A131,C129) -> BQ-003 | D130: =IF(LEFT(TRIM('Tracker&Invoice'!B131),9)="INVOICE #","INVOICE",IF(TRIM('Tracker&Invoice'!B131)="Overall Completion INVOICE","OVERALL","")) | E130: =IF(D130="INVOICE",VALUE(MID(TRIM('Tracker&Invoice'!B131),10,10)),"") | F130: =IF(B130=1,IFERROR(LOOKUP(2,1/('Tracker&Invoice'!$H131:$AC131<>""),COLUMN('Tracker&Invoice'!$H131:$AC131)),8),F129) -> 16 | G130: =IF(D130="OVERALL",IFERROR(LOOKUP(2,1/('Tracker&Invoice'!$H131:$AC131<>""),COLUMN('Tracker&Invoice'!$H131:$AC131)),8),G131) -> 22 | H130: =MAX(F130,G130) -> 22 | I130: =IF(D130="INVOICE",SUM('Tracker&Invoice'!$H131:INDEX('Tracker&Invoice'!$A131:$AC131,1,H130)),0) -> 0 | J130: =IF(D130="OVERALL",SUM('Tracker&Invoice'!$H131:$AC131),0) -> 0
A131: =A130+B131 -> 6 | B131: =IF(AND('Tracker&Invoice'!A132<>"",'Tracker&Invoice'!A132<>"ITEM",'Tracker&Invoice'!A130="ITEM"),1,0) -> 0 | C131: =IF(B131=1,'Tracker&Invoice'!A132,C130) -> BQ-003 | D131: =IF(LEFT(TRIM('Tracker&Invoice'!B132),9)="INVOICE #","INVOICE",IF(TRIM('Tracker&Invoice'!B132)="Overall Completion INVOICE","OVERALL","")) | E131: =IF(D131="INVOICE",VALUE(MID(TRIM('Tracker&Invoice'!B132),10,10)),"") | F131: =IF(B131=1,IFERROR(LOOKUP(2,1/('Tracker&Invoice'!$H132:$AC132<>""),COLUMN('Tracker&Invoice'!$H132:$AC132)),8),F130) -> 16 | G131: =IF(D131="OVERALL",IFERROR(LOOKUP(2,1/('Tracker&Invoice'!$H132:$AC132<>""),COLUMN('Tracker&Invoice'!$H132:$AC132)),8),G132) -> 22 | H131: =MAX(F131,G131) -> 22 | I131: =IF(D131="INVOICE",SUM('Tracker&Invoice'!$H132:INDEX('Tracker&Invoice'!$A132:$AC132,1,H131)),0) -> 0 | J131: =IF(D131="OVERALL",SUM('Tracker&Invoice'!$H132:$AC132),0) -> 0
A132: =A131+B132 -> 6 | B132: =IF(AND('Tracker&Invoice'!A133<>"",'Tracker&Invoice'!A133<>"ITEM",'Tracker&Invoice'!A131="ITEM"),1,0) -> 0 | C132: =IF(B132=1,'Tracker&Invoice'!A133,C131) -> BQ-003 | D132: =IF(LEFT(TRIM('Tracker&Invoice'!B133),9)="INVOICE #","INVOICE",IF(TRIM('Tracker&Invoice'!B133)="Overall Completion INVOICE","OVERALL","")) | E132: =IF(D132="INVOICE",VALUE(MID(TRIM('Tracker&Invoice'!B133),10,10)),"") | F132: =IF(B132=1,IFERROR(LOOKUP(2,1/('Tracker&Invoice'!$H133:$AC133<>""),COLUMN('Tracker&Invoice'!$H133:$AC133)),8),F131) -> 16 | G132: =IF(D132="OVERALL",IFERROR(LOOKUP(2,1/('Tracker&Invoice'!$H133:$AC133<>""),COLUMN('Tracker&Invoice'!$H133:$AC133)),8),G133) -> 22 | H132: =MAX(F132,G132) -> 22 | I132: =IF(D132="INVOICE",SUM('Tracker&Invoice'!$H133:INDEX('Tracker&Invoice'!$A133:$AC133,1,H132)),0) -> 0 | J132: =IF(D132="OVERALL",SUM('Tracker&Invoice'!$H133:$AC133),0) -> 0
A133: =A132+B133 -> 6 | B133: =IF(AND('Tracker&Invoice'!A134<>"",'Tracker&Invoice'!A134<>"ITEM",'Tracker&Invoice'!A132="ITEM"),1,0) -> 0 | C133: =IF(B133=1,'Tracker&Invoice'!A134,C132) -> BQ-003 | D133: =IF(LEFT(TRIM('Tracker&Invoice'!B134),9)="INVOICE #","INVOICE",IF(TRIM('Tracker&Invoice'!B134)="Overall Completion INVOICE","OVERALL","")) | E133: =IF(D133="INVOICE",VALUE(MID(TRIM('Tracker&Invoice'!B134),10,10)),"") | F133: =IF(B133=1,IFERROR(LOOKUP(2,1/('Tracker&Invoice'!$H134:$AC134<>""),COLUMN('Tracker&Invoice'!$H134:$AC134)),8),F132) -> 16 | G133: =IF(D133="OVERALL",IFERROR(LOOKUP(2,1/('Tracker&Invoice'!$H134:$AC134<>""),COLUMN('Tracker&Invoice'!$H134:$AC134)),8),G134) -> 22 | H133: =MAX(F133,G133) -> 22 | I133: =IF(D133="INVOICE",SUM('Tracker&Invoice'!$H134:INDEX('Tracker&Invoice'!$A134:$AC134,1,H133)),0) -> 0 | J133: =IF(D133="OVERALL",SUM('Tracker&Invoice'!$H134:$AC134),0) -> 0
A134: =A133+B134 -> 6 | B134: =IF(AND('Tracker&Invoice'!A135<>"",'Tracker&Invoice'!A135<>"ITEM",'Tracker&Invoice'!A133="ITEM"),1,0) -> 0 | C134: =IF(B134=1,'Tracker&Invoice'!A135,C133) -> BQ-003 | D134: =IF(LEFT(TRIM('Tracker&Invoice'!B135),9)="INVOICE #","INVOICE",IF(TRIM('Tracker&Invoice'!B135)="Overall Completion INVOICE","OVERALL","")) | E134: =IF(D134="INVOICE",VALUE(MID(TRIM('Tracker&Invoice'!B135),10,10)),"") | F134: =IF(B134=1,IFERROR(LOOKUP(2,1/('Tracker&Invoice'!$H135:$AC135<>""),COLUMN('Tracker&Invoice'!$H135:$AC135)),8),F133) -> 16 | G134: =IF(D134="OVERALL",IFERROR(LOOKUP(2,1/('Tracker&Invoice'!$H135:$AC135<>""),COLUMN('Tracker&Invoice'!$H135:$AC135)),8),G135) -> 22 | H134: =MAX(F134,G134) -> 22 | I134: =IF(D134="INVOICE",SUM('Tracker&Invoice'!$H135:INDEX('Tracker&Invoice'!$A135:$AC135,1,H134)),0) -> 0 | J134: =IF(D134="OVERALL",SUM('Tracker&Invoice'!$H135:$AC135),0) -> 0
A135: =A134+B135 -> 6 | B135: =IF(AND('Tracker&Invoice'!A136<>"",'Tracker&Invoice'!A136<>"ITEM",'Tracker&Invoice'!A134="ITEM"),1,0) -> 0 | C135: =IF(B135=1,'Tracker&Invoice'!A136,C134) -> BQ-003 | D135: =IF(LEFT(TRIM('Tracker&Invoice'!B136),9)="INVOICE #","INVOICE",IF(TRIM('Tracker&Invoice'!B136)="Overall Completion INVOICE","OVERALL","")) | E135: =IF(D135="INVOICE",VALUE(MID(TRIM('Tracker&Invoice'!B136),10,10)),"") | F135: =IF(B135=1,IFERROR(LOOKUP(2,1/('Tracker&Invoice'!$H136:$AC136<>""),COLUMN('Tracker&Invoice'!$H136:$AC136)),8),F134) -> 16 | G135: =IF(D135="OVERALL",IFERROR(LOOKUP(2,1/('Tracker&Invoice'!$H136:$AC136<>""),COLUMN('Tracker&Invoice'!$H136:$AC136)),8),G136) -> 22 | H135: =MAX(F135,G135) -> 22 | I135: =IF(D135="INVOICE",SUM('Tracker&Invoice'!$H136:INDEX('Tracker&Invoice'!$A136:$AC136,1,H135)),0) -> 0 | J135: =IF(D135="OVERALL",SUM('Tracker&Invoice'!$H136:$AC136),0) -> 0
A136: =A135+B136 -> 6 | B136: =IF(AND('Tracker&Invoice'!A137<>"",'Tracker&Invoice'!A137<>"ITEM",'Tracker&Invoice'!A135="ITEM"),1,0) -> 0 | C136: =IF(B136=1,'Tracker&Invoice'!A137,C135) -> BQ-003 | D136: =IF(LEFT(TRIM('Tracker&Invoice'!B137),9)="INVOICE #","INVOICE",IF(TRIM('Tracker&Invoice'!B137)="Overall Completion INVOICE","OVERALL","")) | E136: =IF(D136="INVOICE",VALUE(MID(TRIM('Tracker&Invoice'!B137),10,10)),"") | F136: =IF(B136=1,IFERROR(LOOKUP(2,1/('Tracker&Invoice'!$H137:$AC137<>""),COLUMN('Tracker&Invoice'!$H137:$AC137)),8),F135) -> 16 | G136: =IF(D136="OVERALL",IFERROR(LOOKUP(2,1/('Tracker&Invoice'!$H137:$AC137<>""),COLUMN('Tracker&Invoice'!$H137:$AC137)),8),G137) -> 22 | H136: =MAX(F136,G136) -> 22 | I136: =IF(D136="INVOICE",SUM('Tracker&Invoice'!$H137:INDEX('Tracker&Invoice'!$A137:$AC137,1,H136)),0) -> 0 | J136: =IF(D136="OVERALL",SUM('Tracker&Invoice'!$H137:$AC137),0) -> 0
A137: =A136+B137 -> 6 | B137: =IF(AND('Tracker&Invoice'!A138<>"",'Tracker&Invoice'!A138<>"ITEM",'Tracker&Invoice'!A136="ITEM"),1,0) -> 0 | C137: =IF(B137=1,'Tracker&Invoice'!A138,C136) -> BQ-003 | D137: =IF(LEFT(TRIM('Tracker&Invoice'!B138),9)="INVOICE #","INVOICE",IF(TRIM('Tracker&Invoice'!B138)="Overall Completion INVOICE","OVERALL","")) | E137: =IF(D137="INVOICE",VALUE(MID(TRIM('Tracker&Invoice'!B138),10,10)),"") | F137: =IF(B137=1,IFERROR(LOOKUP(2,1/('Tracker&Invoice'!$H138:$AC138<>""),COLUMN('Tracker&Invoice'!$H138:$AC138)),8),F136) -> 16 | G137: =IF(D137="OVERALL",IFERROR(LOOKUP(2,1/('Tracker&Invoice'!$H138:$AC138<>""),COLUMN('Tracker&Invoice'!$H138:$AC138)),8),G138) -> 22 | H137: =MAX(F137,G137) -> 22 | I137: =IF(D137="INVOICE",SUM('Tracker&Invoice'!$H138:INDEX('Tracker&Invoice'!$A138:$AC138,1,H137)),0) -> 0 | J137: =IF(D137="OVERALL",SUM('Tracker&Invoice'!$H138:$AC138),0) -> 0
A138: =A137+B138 -> 7 | B138: =IF(AND('Tracker&Invoice'!A139<>"",'Tracker&Invoice'!A139<>"ITEM",'Tracker&Invoice'!A137="ITEM"),1,0) -> 1 | C138: =IF(B138=1,'Tracker&Invoice'!A139,C137) -> BQ-004 | D138: =IF(LEFT(TRIM('Tracker&Invoice'!B139),9)="INVOICE #","INVOICE",IF(TRIM('Tracker&Invoice'!B139)="Overall Completion INVOICE","OVERALL","")) | E138: =IF(D138="INVOICE",VALUE(MID(TRIM('Tracker&Invoice'!B139),10,10)),"") | F138: =IF(B138=1,IFERROR(LOOKUP(2,1/('Tracker&Invoice'!$H139:$AC139<>""),COLUMN('Tracker&Invoice'!$H139:$AC139)),8),F137) -> 21 | G138: =IF(D138="OVERALL",IFERROR(LOOKUP(2,1/('Tracker&Invoice'!$H139:$AC139<>""),COLUMN('Tracker&Invoice'!$H139:$AC139)),8),G139) -> 22 | H138: =MAX(F138,G138) -> 22 | I138: =IF(D138="INVOICE",SUM('Tracker&Invoice'!$H139:INDEX('Tracker&Invoice'!$A139:$AC139,1,H138)),0) -> 0 | J138: =IF(D138="OVERALL",SUM('Tracker&Invoice'!$H139:$AC139),0) -> 0
A139: =A138+B139 -> 7 | B139: =IF(AND('Tracker&Invoice'!A140<>"",'Tracker&Invoice'!A140<>"ITEM",'Tracker&Invoice'!A138="ITEM"),1,0) -> 0 | C139: =IF(B139=1,'Tracker&Invoice'!A140,C138) -> BQ-004 | D139: =IF(LEFT(TRIM('Tracker&Invoice'!B140),9)="INVOICE #","INVOICE",IF(TRIM('Tracker&Invoice'!B140)="Overall Completion INVOICE","OVERALL","")) | E139: =IF(D139="INVOICE",VALUE(MID(TRIM('Tracker&Invoice'!B140),10,10)),"") | F139: =IF(B139=1,IFERROR(LOOKUP(2,1/('Tracker&Invoice'!$H140:$AC140<>""),COLUMN('Tracker&Invoice'!$H140:$AC140)),8),F138) -> 21 | G139: =IF(D139="OVERALL",IFERROR(LOOKUP(2,1/('Tracker&Invoice'!$H140:$AC140<>""),COLUMN('Tracker&Invoice'!$H140:$AC140)),8),G140) -> 22 | H139: =MAX(F139,G139) -> 22 | I139: =IF(D139="INVOICE",SUM('Tracker&Invoice'!$H140:INDEX('Tracker&Invoice'!$A140:$AC140,1,H139)),0) -> 0 | J139: =IF(D139="OVERALL",SUM('Tracker&Invoice'!$H140:$AC140),0) -> 0
A140: =A139+B140 -> 7 | B140: =IF(AND('Tracker&Invoice'!A141<>"",'Tracker&Invoice'!A141<>"ITEM",'Tracker&Invoice'!A139="ITEM"),1,0) -> 0 | C140: =IF(B140=1,'Tracker&Invoice'!A141,C139) -> BQ-004 | D140: =IF(LEFT(TRIM('Tracker&Invoice'!B141),9)="INVOICE #","INVOICE",IF(TRIM('Tracker&Invoice'!B141)="Overall Completion INVOICE","OVERALL","")) | E140: =IF(D140="INVOICE",VALUE(MID(TRIM('Tracker&Invoice'!B141),10,10)),"") | F140: =IF(B140=1,IFERROR(LOOKUP(2,1/('Tracker&Invoice'!$H141:$AC141<>""),COLUMN('Tracker&Invoice'!$H141:$AC141)),8),F139) -> 21 | G140: =IF(D140="OVERALL",IFERROR(LOOKUP(2,1/('Tracker&Invoice'!$H141:$AC141<>""),COLUMN('Tracker&Invoice'!$H141:$AC141)),8),G141) -> 22 | H140: =MAX(F140,G140) -> 22 | I140: =IF(D140="INVOICE",SUM('Tracker&Invoice'!$H141:INDEX('Tracker&Invoice'!$A141:$AC141,1,H140)),0) -> 0 | J140: =IF(D140="OVERALL",SUM('Tracker&Invoice'!$H141:$AC141),0) -> 0
A141: =A140+B141 -> 7 | B141: =IF(AND('Tracker&Invoice'!A142<>"",'Tracker&Invoice'!A142<>"ITEM",'Tracker&Invoice'!A140="ITEM"),1,0) -> 0 | C141: =IF(B141=1,'Tracker&Invoice'!A142,C140) -> BQ-004 | D141: =IF(LEFT(TRIM('Tracker&Invoice'!B142),9)="INVOICE #","INVOICE",IF(TRIM('Tracker&Invoice'!B142)="Overall Completion INVOICE","OVERALL","")) -> INVOICE | E141: =IF(D141="INVOICE",VALUE(MID(TRIM('Tracker&Invoice'!B142),10,10)),"") -> 13 | F141: =IF(B141=1,IFERROR(LOOKUP(2,1/('Tracker&Invoice'!$H142:$AC142<>""),COLUMN('Tracker&Invoice'!$H142:$AC142)),8),F140) -> 21 | G141: =IF(D141="OVERALL",IFERROR(LOOKUP(2,1/('Tracker&Invoice'!$H142:$AC142<>""),COLUMN('Tracker&Invoice'!$H142:$AC142)),8),G142) -> 22 | H141: =MAX(F141,G141) -> 22 | I141: =IF(D141="INVOICE",SUM('Tracker&Invoice'!$H142:INDEX('Tracker&Invoice'!$A142:$AC142,1,H141)),0) -> 454041.6 | J141: =IF(D141="OVERALL",SUM('Tracker&Invoice'!$H142:$AC142),0) -> 0
... A163: =A162+B163 -> 7 | B163: =IF(AND('Tracker&Invoice'!A164<>"",'Tracker&Invoice'!A164<>"ITEM",'Tracker&Invoice'!A162="ITEM"),1,0) -> 0 | C163: =IF(B163=1,'Tracker&Invoice'!A164,C162) -> BQ-004 | D163: =IF(LEFT(TRIM('Tracker&Invoice'!B164),9)="INVOICE #","INVOICE",IF(TRIM('Tracker&Invoice'!B164)="Overall Completion INVOICE","OVERALL","")) -> INVOICE | E163: =IF(D163="INVOICE",VALUE(MID(TRIM('Tracker&Invoice'!B164),10,10)),"") -> 32 | F163: =IF(B163=1,IFERROR(LOOKUP(2,1/('Tracker&Invoice'!$H164:$AC164<>""),COLUMN('Tracker&Invoice'!$H164:$AC164)),8),F162) -> 21 | G163: =IF(D163="OVERALL",IFERROR(LOOKUP(2,1/('Tracker&Invoice'!$H164:$AC164<>""),COLUMN('Tracker&Invoice'!$H164:$AC164)),8),G164) -> 22 | H163: =MAX(F163,G163) -> 22 | I163: =IF(D163="INVOICE",SUM('Tracker&Invoice'!$H164:INDEX('Tracker&Invoice'!$A164:$AC164,1,H163)),0) -> 53145.6 | J163: =IF(D163="OVERALL",SUM('Tracker&Invoice'!$H164:$AC164),0) -> 0
A164: =A163+B164 -> 7 | B164: =IF(AND('Tracker&Invoice'!A167<>"",'Tracker&Invoice'!A167<>"ITEM",'Tracker&Invoice'!A163="ITEM"),1,0) -> 0 | C164: =IF(B164=1,'Tracker&Invoice'!A167,C163) -> BQ-004 | D164: =IF(LEFT(TRIM('Tracker&Invoice'!B167),9)="INVOICE #","INVOICE",IF(TRIM('Tracker&Invoice'!B167)="Overall Completion INVOICE","OVERALL","")) | E164: =IF(D164="INVOICE",VALUE(MID(TRIM('Tracker&Invoice'!B167),10,10)),"") | F164: =IF(B164=1,IFERROR(LOOKUP(2,1/('Tracker&Invoice'!$H167:$AC167<>""),COLUMN('Tracker&Invoice'!$H167:$AC167)),8),F163) -> 21 | G164: =IF(D164="OVERALL",IFERROR(LOOKUP(2,1/('Tracker&Invoice'!$H167:$AC167<>""),COLUMN('Tracker&Invoice'!$H167:$AC167)),8),G165) -> 22 | H164: =MAX(F164,G164) -> 22 | I164: =IF(D164="INVOICE",SUM('Tracker&Invoice'!$H167:INDEX('Tracker&Invoice'!$A167:$AC167,1,H164)),0) -> 0 | J164: =IF(D164="OVERALL",SUM('Tracker&Invoice'!$H167:$AC167),0) -> 0
A165: =A164+B165 -> 7 | B165: =IF(AND('Tracker&Invoice'!A168<>"",'Tracker&Invoice'!A168<>"ITEM",'Tracker&Invoice'!A164="ITEM"),1,0) -> 0 | C165: =IF(B165=1,'Tracker&Invoice'!A168,C164) -> BQ-004 | D165: =IF(LEFT(TRIM('Tracker&Invoice'!B168),9)="INVOICE #","INVOICE",IF(TRIM('Tracker&Invoice'!B168)="Overall Completion INVOICE","OVERALL","")) -> OVERALL | E165: =IF(D165="INVOICE",VALUE(MID(TRIM('Tracker&Invoice'!B168),10,10)),"") | F165: =IF(B165=1,IFERROR(LOOKUP(2,1/('Tracker&Invoice'!$H168:$AC168<>""),COLUMN('Tracker&Invoice'!$H168:$AC168)),8),F164) -> 21 | G165: =IF(D165="OVERALL",IFERROR(LOOKUP(2,1/('Tracker&Invoice'!$H168:$AC168<>""),COLUMN('Tracker&Invoice'!$H168:$AC168)),8),G166) -> 22 | H165: =MAX(F165,G165) -> 22 | I165: =IF(D165="INVOICE",SUM('Tracker&Invoice'!$H168:INDEX('Tracker&Invoice'!$A168:$AC168,1,H165)),0) -> 0 | J165: =IF(D165="OVERALL",SUM('Tracker&Invoice'!$H168:$AC168),0) -> 4120612.8
A166: =A165+B166 -> 7 | B166: =IF(AND('Tracker&Invoice'!A169<>"",'Tracker&Invoice'!A169<>"ITEM",'Tracker&Invoice'!A167="ITEM"),1,0) -> 0 | C166: =IF(B166=1,'Tracker&Invoice'!A169,C165) -> BQ-004 | D166: =IF(LEFT(TRIM('Tracker&Invoice'!B169),9)="INVOICE #","INVOICE",IF(TRIM('Tracker&Invoice'!B169)="Overall Completion INVOICE","OVERALL","")) | E166: =IF(D166="INVOICE",VALUE(MID(TRIM('Tracker&Invoice'!B169),10,10)),"") | F166: =IF(B166=1,IFERROR(LOOKUP(2,1/('Tracker&Invoice'!$H169:$AC169<>""),COLUMN('Tracker&Invoice'!$H169:$AC169)),8),F165) -> 21 | G166: =IF(D166="OVERALL",IFERROR(LOOKUP(2,1/('Tracker&Invoice'!$H169:$AC169<>""),COLUMN('Tracker&Invoice'!$H169:$AC169)),8),G167) -> 16 | H166: =MAX(F166,G166) -> 21 | I166: =IF(D166="INVOICE",SUM('Tracker&Invoice'!$H169:INDEX('Tracker&Invoice'!$A169:$AC169,1,H166)),0) -> 0 | J166: =IF(D166="OVERALL",SUM('Tracker&Invoice'!$H169:$AC169),0) -> 0
A167: =A166+B167 -> 7 | B167: =IF(AND('Tracker&Invoice'!A170<>"",'Tracker&Invoice'!A170<>"ITEM",'Tracker&Invoice'!A168="ITEM"),1,0) -> 0 | C167: =IF(B167=1,'Tracker&Invoice'!A170,C166) -> BQ-004 | D167: =IF(LEFT(TRIM('Tracker&Invoice'!B170),9)="INVOICE #","INVOICE",IF(TRIM('Tracker&Invoice'!B170)="Overall Completion INVOICE","OVERALL","")) | E167: =IF(D167="INVOICE",VALUE(MID(TRIM('Tracker&Invoice'!B170),10,10)),"") | F167: =IF(B167=1,IFERROR(LOOKUP(2,1/('Tracker&Invoice'!$H170:$AC170<>""),COLUMN('Tracker&Invoice'!$H170:$AC170)),8),F166) -> 21 | G167: =IF(D167="OVERALL",IFERROR(LOOKUP(2,1/('Tracker&Invoice'!$H170:$AC170<>""),COLUMN('Tracker&Invoice'!$H170:$AC170)),8),G168) -> 16 | H167: =MAX(F167,G167) -> 21 | I167: =IF(D167="INVOICE",SUM('Tracker&Invoice'!$H170:INDEX('Tracker&Invoice'!$A170:$AC170,1,H167)),0) -> 0 | J167: =IF(D167="OVERALL",SUM('Tracker&Invoice'!$H170:$AC170),0) -> 0
A168: =A167+B168 -> 7 | B168: =IF(AND('Tracker&Invoice'!A171<>"",'Tracker&Invoice'!A171<>"ITEM",'Tracker&Invoice'!A169="ITEM"),1,0) -> 0 | C168: =IF(B168=1,'Tracker&Invoice'!A171,C167) -> BQ-004 | D168: =IF(LEFT(TRIM('Tracker&Invoice'!B171),9)="INVOICE #","INVOICE",IF(TRIM('Tracker&Invoice'!B171)="Overall Completion INVOICE","OVERALL","")) | E168: =IF(D168="INVOICE",VALUE(MID(TRIM('Tracker&Invoice'!B171),10,10)),"") | F168: =IF(B168=1,IFERROR(LOOKUP(2,1/('Tracker&Invoice'!$H171:$AC171<>""),COLUMN('Tracker&Invoice'!$H171:$AC171)),8),F167) -> 21 | G168: =IF(D168="OVERALL",IFERROR(LOOKUP(2,1/('Tracker&Invoice'!$H171:$AC171<>""),COLUMN('Tracker&Invoice'!$H171:$AC171)),8),G169) -> 16 | H168: =MAX(F168,G168) -> 21 | I168: =IF(D168="INVOICE",SUM('Tracker&Invoice'!$H171:INDEX('Tracker&Invoice'!$A171:$AC171,1,H168)),0) -> 0 | J168: =IF(D168="OVERALL",SUM('Tracker&Invoice'!$H171:$AC171),0) -> 0
A169: =A168+B169 -> 7 | B169: =IF(AND('Tracker&Invoice'!A172<>"",'Tracker&Invoice'!A172<>"ITEM",'Tracker&Invoice'!A170="ITEM"),1,0) -> 0 | C169: =IF(B169=1,'Tracker&Invoice'!A172,C168) -> BQ-004 | D169: =IF(LEFT(TRIM('Tracker&Invoice'!B172),9)="INVOICE #","INVOICE",IF(TRIM('Tracker&Invoice'!B172)="Overall Completion INVOICE","OVERALL","")) | E169: =IF(D169="INVOICE",VALUE(MID(TRIM('Tracker&Invoice'!B172),10,10)),"") | F169: =IF(B169=1,IFERROR(LOOKUP(2,1/('Tracker&Invoice'!$H172:$AC172<>""),COLUMN('Tracker&Invoice'!$H172:$AC172)),8),F168) -> 21 | G169: =IF(D169="OVERALL",IFERROR(LOOKUP(2,1/('Tracker&Invoice'!$H172:$AC172<>""),COLUMN('Tracker&Invoice'!$H172:$AC172)),8),G170) -> 16 | H169: =MAX(F169,G169) -> 21 | I169: =IF(D169="INVOICE",SUM('Tracker&Invoice'!$H172:INDEX('Tracker&Invoice'!$A172:$AC172,1,H169)),0) -> 0 | J169: =IF(D169="OVERALL",SUM('Tracker&Invoice'!$H172:$AC172),0) -> 0
A170: =A169+B170 -> 7 | B170: =IF(AND('Tracker&Invoice'!A173<>"",'Tracker&Invoice'!A173<>"ITEM",'Tracker&Invoice'!A171="ITEM"),1,0) -> 0 | C170: =IF(B170=1,'Tracker&Invoice'!A173,C169) -> BQ-004 | D170: =IF(LEFT(TRIM('Tracker&Invoice'!B173),9)="INVOICE #","INVOICE",IF(TRIM('Tracker&Invoice'!B173)="Overall Completion INVOICE","OVERALL","")) | E170: =IF(D170="INVOICE",VALUE(MID(TRIM('Tracker&Invoice'!B173),10,10)),"") | F170: =IF(B170=1,IFERROR(LOOKUP(2,1/('Tracker&Invoice'!$H173:$AC173<>""),COLUMN('Tracker&Invoice'!$H173:$AC173)),8),F169) -> 21 | G170: =IF(D170="OVERALL",IFERROR(LOOKUP(2,1/('Tracker&Invoice'!$H173:$AC173<>""),COLUMN('Tracker&Invoice'!$H173:$AC173)),8),G171) -> 16 | H170: =MAX(F170,G170) -> 21 | I170: =IF(D170="INVOICE",SUM('Tracker&Invoice'!$H173:INDEX('Tracker&Invoice'!$A173:$AC173,1,H170)),0) -> 0 | J170: =IF(D170="OVERALL",SUM('Tracker&Invoice'!$H173:$AC173),0) -> 0
A171: =A170+B171 -> 7 | B171: =IF(AND('Tracker&Invoice'!A189<>"",'Tracker&Invoice'!A189<>"ITEM",'Tracker&Invoice'!A172="ITEM"),1,0) -> 0 | C171: =IF(B171=1,'Tracker&Invoice'!A189,C170) -> BQ-004 | D171: =IF(LEFT(TRIM('Tracker&Invoice'!B189),9)="INVOICE #","INVOICE",IF(TRIM('Tracker&Invoice'!B189)="Overall Completion INVOICE","OVERALL","")) | E171: =IF(D171="INVOICE",VALUE(MID(TRIM('Tracker&Invoice'!B189),10,10)),"") | F171: =IF(B171=1,IFERROR(LOOKUP(2,1/('Tracker&Invoice'!$H189:$AC189<>""),COLUMN('Tracker&Invoice'!$H189:$AC189)),8),F170) -> 21 | G171: =IF(D171="OVERALL",IFERROR(LOOKUP(2,1/('Tracker&Invoice'!$H189:$AC189<>""),COLUMN('Tracker&Invoice'!$H189:$AC189)),8),G172) -> 16 | H171: =MAX(F171,G171) -> 21 | I171: =IF(D171="INVOICE",SUM('Tracker&Invoice'!$H189:INDEX('Tracker&Invoice'!$A189:$AC189,1,H171)),0) -> 0 | J171: =IF(D171="OVERALL",SUM('Tracker&Invoice'!$H189:$AC189),0) -> 0
A172: =A171+B172 -> 7 | B172: =IF(AND('Tracker&Invoice'!A190<>"",'Tracker&Invoice'!A190<>"ITEM",'Tracker&Invoice'!A173="ITEM"),1,0) -> 0 | C172: =IF(B172=1,'Tracker&Invoice'!A190,C171) -> BQ-004 | D172: =IF(LEFT(TRIM('Tracker&Invoice'!B190),9)="INVOICE #","INVOICE",IF(TRIM('Tracker&Invoice'!B190)="Overall Completion INVOICE","OVERALL","")) | E172: =IF(D172="INVOICE",VALUE(MID(TRIM('Tracker&Invoice'!B190),10,10)),"") | F172: =IF(B172=1,IFERROR(LOOKUP(2,1/('Tracker&Invoice'!$H190:$AC190<>""),COLUMN('Tracker&Invoice'!$H190:$AC190)),8),F171) -> 21 | G172: =IF(D172="OVERALL",IFERROR(LOOKUP(2,1/('Tracker&Invoice'!$H190:$AC190<>""),COLUMN('Tracker&Invoice'!$H190:$AC190)),8),G173) -> 16 | H172: =MAX(F172,G172) -> 21 | I172: =IF(D172="INVOICE",SUM('Tracker&Invoice'!$H190:INDEX('Tracker&Invoice'!$A190:$AC190,1,H172)),0) -> 0 | J172: =IF(D172="OVERALL",SUM('Tracker&Invoice'!$H190:$AC190),0) -> 0
A173: =A172+B173 -> 7 | B173: =IF(AND('Tracker&Invoice'!A191<>"",'Tracker&Invoice'!A191<>"ITEM",'Tracker&Invoice'!A189="ITEM"),1,0) -> 0 | C173: =IF(B173=1,'Tracker&Invoice'!A191,C172) -> BQ-004 | D173: =IF(LEFT(TRIM('Tracker&Invoice'!B191),9)="INVOICE #","INVOICE",IF(TRIM('Tracker&Invoice'!B191)="Overall Completion INVOICE","OVERALL","")) | E173: =IF(D173="INVOICE",VALUE(MID(TRIM('Tracker&Invoice'!B191),10,10)),"") | F173: =IF(B173=1,IFERROR(LOOKUP(2,1/('Tracker&Invoice'!$H191:$AC191<>""),COLUMN('Tracker&Invoice'!$H191:$AC191)),8),F172) -> 21 | G173: =IF(D173="OVERALL",IFERROR(LOOKUP(2,1/('Tracker&Invoice'!$H191:$AC191<>""),COLUMN('Tracker&Invoice'!$H191:$AC191)),8),G174) -> 16 | H173: =MAX(F173,G173) -> 21 | I173: =IF(D173="INVOICE",SUM('Tracker&Invoice'!$H191:INDEX('Tracker&Invoice'!$A191:$AC191,1,H173)),0) -> 0 | J173: =IF(D173="OVERALL",SUM('Tracker&Invoice'!$H191:$AC191),0) -> 0
A174: =A173+B174 -> 8 | B174: =IF(AND('Tracker&Invoice'!A192<>"",'Tracker&Invoice'!A192<>"ITEM",'Tracker&Invoice'!A190="ITEM"),1,0) -> 1 | C174: =IF(B174=1,'Tracker&Invoice'!A192,C173) -> BQ-059 | D174: =IF(LEFT(TRIM('Tracker&Invoice'!B192),9)="INVOICE #","INVOICE",IF(TRIM('Tracker&Invoice'!B192)="Overall Completion INVOICE","OVERALL","")) | E174: =IF(D174="INVOICE",VALUE(MID(TRIM('Tracker&Invoice'!B192),10,10)),"") | F174: =IF(B174=1,IFERROR(LOOKUP(2,1/('Tracker&Invoice'!$H192:$AC192<>""),COLUMN('Tracker&Invoice'!$H192:$AC192)),8),F173) -> 15 | G174: =IF(D174="OVERALL",IFERROR(LOOKUP(2,1/('Tracker&Invoice'!$H192:$AC192<>""),COLUMN('Tracker&Invoice'!$H192:$AC192)),8),G175) -> 16 | H174: =MAX(F174,G174) -> 16 | I174: =IF(D174="INVOICE",SUM('Tracker&Invoice'!$H192:INDEX('Tracker&Invoice'!$A192:$AC192,1,H174)),0) -> 0 | J174: =IF(D174="OVERALL",SUM('Tracker&Invoice'!$H192:$AC192),0) -> 0
A175: =A174+B175 -> 8 | B175: =IF(AND('Tracker&Invoice'!A193<>"",'Tracker&Invoice'!A193<>"ITEM",'Tracker&Invoice'!A191="ITEM"),1,0) -> 0 | C175: =IF(B175=1,'Tracker&Invoice'!A193,C174) -> BQ-059 | D175: =IF(LEFT(TRIM('Tracker&Invoice'!B193),9)="INVOICE #","INVOICE",IF(TRIM('Tracker&Invoice'!B193)="Overall Completion INVOICE","OVERALL","")) | E175: =IF(D175="INVOICE",VALUE(MID(TRIM('Tracker&Invoice'!B193),10,10)),"") | F175: =IF(B175=1,IFERROR(LOOKUP(2,1/('Tracker&Invoice'!$H193:$AC193<>""),COLUMN('Tracker&Invoice'!$H193:$AC193)),8),F174) -> 15 | G175: =IF(D175="OVERALL",IFERROR(LOOKUP(2,1/('Tracker&Invoice'!$H193:$AC193<>""),COLUMN('Tracker&Invoice'!$H193:$AC193)),8),G176) -> 16 | H175: =MAX(F175,G175) -> 16 | I175: =IF(D175="INVOICE",SUM('Tracker&Invoice'!$H193:INDEX('Tracker&Invoice'!$A193:$AC193,1,H175)),0) -> 0 | J175: =IF(D175="OVERALL",SUM('Tracker&Invoice'!$H193:$AC193),0) -> 0
A176: =A175+B176 -> 8 | B176: =IF(AND('Tracker&Invoice'!A194<>"",'Tracker&Invoice'!A194<>"ITEM",'Tracker&Invoice'!A192="ITEM"),1,0) -> 0 | C176: =IF(B176=1,'Tracker&Invoice'!A194,C175) -> BQ-059 | D176: =IF(LEFT(TRIM('Tracker&Invoice'!B194),9)="INVOICE #","INVOICE",IF(TRIM('Tracker&Invoice'!B194)="Overall Completion INVOICE","OVERALL","")) | E176: =IF(D176="INVOICE",VALUE(MID(TRIM('Tracker&Invoice'!B194),10,10)),"") | F176: =IF(B176=1,IFERROR(LOOKUP(2,1/('Tracker&Invoice'!$H194:$AC194<>""),COLUMN('Tracker&Invoice'!$H194:$AC194)),8),F175) -> 15 | G176: =IF(D176="OVERALL",IFERROR(LOOKUP(2,1/('Tracker&Invoice'!$H194:$AC194<>""),COLUMN('Tracker&Invoice'!$H194:$AC194)),8),G177) -> 16 | H176: =MAX(F176,G176) -> 16 | I176: =IF(D176="INVOICE",SUM('Tracker&Invoice'!$H194:INDEX('Tracker&Invoice'!$A194:$AC194,1,H176)),0) -> 0 | J176: =IF(D176="OVERALL",SUM('Tracker&Invoice'!$H194:$AC194),0) -> 0
A177: =A176+B177 -> 8 | B177: =IF(AND('Tracker&Invoice'!A195<>"",'Tracker&Invoice'!A195<>"ITEM",'Tracker&Invoice'!A193="ITEM"),1,0) -> 0 | C177: =IF(B177=1,'Tracker&Invoice'!A195,C176) -> BQ-059 | D177: =IF(LEFT(TRIM('Tracker&Invoice'!B195),9)="INVOICE #","INVOICE",IF(TRIM('Tracker&Invoice'!B195)="Overall Completion INVOICE","OVERALL","")) -> INVOICE | E177: =IF(D177="INVOICE",VALUE(MID(TRIM('Tracker&Invoice'!B195),10,10)),"") -> 13 | F177: =IF(B177=1,IFERROR(LOOKUP(2,1/('Tracker&Invoice'!$H195:$AC195<>""),COLUMN('Tracker&Invoice'!$H195:$AC195)),8),F176) -> 15 | G177: =IF(D177="OVERALL",IFERROR(LOOKUP(2,1/('Tracker&Invoice'!$H195:$AC195<>""),COLUMN('Tracker&Invoice'!$H195:$AC195)),8),G178) -> 16 | H177: =MAX(F177,G177) -> 16 | I177: =IF(D177="INVOICE",SUM('Tracker&Invoice'!$H195:INDEX('Tracker&Invoice'!$A195:$AC195,1,H177)),0) -> 1430 | J177: =IF(D177="OVERALL",SUM('Tracker&Invoice'!$H195:$AC195),0) -> 0
A178: =A177+B178 -> 8 | B178: =IF(AND('Tracker&Invoice'!A196<>"",'Tracker&Invoice'!A196<>"ITEM",'Tracker&Invoice'!A194="ITEM"),1,0) -> 0 | C178: =IF(B178=1,'Tracker&Invoice'!A196,C177) -> BQ-059 | D178: =IF(LEFT(TRIM('Tracker&Invoice'!B196),9)="INVOICE #","INVOICE",IF(TRIM('Tracker&Invoice'!B196)="Overall Completion INVOICE","OVERALL","")) | E178: =IF(D178="INVOICE",VALUE(MID(TRIM('Tracker&Invoice'!B196),10,10)),"") | F178: =IF(B178=1,IFERROR(LOOKUP(2,1/('Tracker&Invoice'!$H196:$AC196<>""),COLUMN('Tracker&Invoice'!$H196:$AC196)),8),F177) -> 15 | G178: =IF(D178="OVERALL",IFERROR(LOOKUP(2,1/('Tracker&Invoice'!$H196:$AC196<>""),COLUMN('Tracker&Invoice'!$H196:$AC196)),8),G179) -> 16 | H178: =MAX(F178,G178) -> 16 | I178: =IF(D178="INVOICE",SUM('Tracker&Invoice'!$H196:INDEX('Tracker&Invoice'!$A196:$AC196,1,H178)),0) -> 0 | J178: =IF(D178="OVERALL",SUM('Tracker&Invoice'!$H196:$AC196),0) -> 0
A179: =A178+B179 -> 8 | B179: =IF(AND('Tracker&Invoice'!A197<>"",'Tracker&Invoice'!A197<>"ITEM",'Tracker&Invoice'!A195="ITEM"),1,0) -> 0 | C179: =IF(B179=1,'Tracker&Invoice'!A197,C178) -> BQ-059 | D179: =IF(LEFT(TRIM('Tracker&Invoice'!B197),9)="INVOICE #","INVOICE",IF(TRIM('Tracker&Invoice'!B197)="Overall Completion INVOICE","OVERALL","")) -> INVOICE | E179: =IF(D179="INVOICE",VALUE(MID(TRIM('Tracker&Invoice'!B197),10,10)),"") -> 25 | F179: =IF(B179=1,IFERROR(LOOKUP(2,1/('Tracker&Invoice'!$H197:$AC197<>""),COLUMN('Tracker&Invoice'!$H197:$AC197)),8),F178) -> 15 | G179: =IF(D179="OVERALL",IFERROR(LOOKUP(2,1/('Tracker&Invoice'!$H197:$AC197<>""),COLUMN('Tracker&Invoice'!$H197:$AC197)),8),G180) -> 16 | H179: =MAX(F179,G179) -> 16 | I179: =IF(D179="INVOICE",SUM('Tracker&Invoice'!$H197:INDEX('Tracker&Invoice'!$A197:$AC197,1,H179)),0) -> 390 | J179: =IF(D179="OVERALL",SUM('Tracker&Invoice'!$H197:$AC197),0) -> 0
A180: =A179+B180 -> 8 | B180: =IF(AND('Tracker&Invoice'!A198<>"",'Tracker&Invoice'!A198<>"ITEM",'Tracker&Invoice'!A196="ITEM"),1,0) -> 0 | C180: =IF(B180=1,'Tracker&Invoice'!A198,C179) -> BQ-059 | D180: =IF(LEFT(TRIM('Tracker&Invoice'!B198),9)="INVOICE #","INVOICE",IF(TRIM('Tracker&Invoice'!B198)="Overall Completion INVOICE","OVERALL","")) | E180: =IF(D180="INVOICE",VALUE(MID(TRIM('Tracker&Invoice'!B198),10,10)),"") | F180: =IF(B180=1,IFERROR(LOOKUP(2,1/('Tracker&Invoice'!$H198:$AC198<>""),COLUMN('Tracker&Invoice'!$H198:$AC198)),8),F179) -> 15 | G180: =IF(D180="OVERALL",IFERROR(LOOKUP(2,1/('Tracker&Invoice'!$H198:$AC198<>""),COLUMN('Tracker&Invoice'!$H198:$AC198)),8),G181) -> 16 | H180: =MAX(F180,G180) -> 16 | I180: =IF(D180="INVOICE",SUM('Tracker&Invoice'!$H198:INDEX('Tracker&Invoice'!$A198:$AC198,1,H180)),0) -> 0 | J180: =IF(D180="OVERALL",SUM('Tracker&Invoice'!$H198:$AC198),0) -> 0
A181: =A180+B181 -> 8 | B181: =IF(AND('Tracker&Invoice'!A199<>"",'Tracker&Invoice'!A199<>"ITEM",'Tracker&Invoice'!A197="ITEM"),1,0) -> 0 | C181: =IF(B181=1,'Tracker&Invoice'!A199,C180) -> BQ-059 | D181: =IF(LEFT(TRIM('Tracker&Invoice'!B199),9)="INVOICE #","INVOICE",IF(TRIM('Tracker&Invoice'!B199)="Overall Completion INVOICE","OVERALL","")) -> INVOICE | E181: =IF(D181="INVOICE",VALUE(MID(TRIM('Tracker&Invoice'!B199),10,10)),"") -> 27 | F181: =IF(B181=1,IFERROR(LOOKUP(2,1/('Tracker&Invoice'!$H199:$AC199<>""),COLUMN('Tracker&Invoice'!$H199:$AC199)),8),F180) -> 15 | G181: =IF(D181="OVERALL",IFERROR(LOOKUP(2,1/('Tracker&Invoice'!$H199:$AC199<>""),COLUMN('Tracker&Invoice'!$H199:$AC199)),8),G182) -> 16 | H181: =MAX(F181,G181) -> 16 | I181: =IF(D181="INVOICE",SUM('Tracker&Invoice'!$H199:INDEX('Tracker&Invoice'!$A199:$AC199,1,H181)),0) -> 65 | J181: =IF(D181="OVERALL",SUM('Tracker&Invoice'!$H199:$AC199),0) -> 0
A182: =A181+B182 -> 8 | B182: =IF(AND('Tracker&Invoice'!A200<>"",'Tracker&Invoice'!A200<>"ITEM",'Tracker&Invoice'!A198="ITEM"),1,0) -> 0 | C182: =IF(B182=1,'Tracker&Invoice'!A200,C181) -> BQ-059 | D182: =IF(LEFT(TRIM('Tracker&Invoice'!B200),9)="INVOICE #","INVOICE",IF(TRIM('Tracker&Invoice'!B200)="Overall Completion INVOICE","OVERALL","")) | E182: =IF(D182="INVOICE",VALUE(MID(TRIM('Tracker&Invoice'!B200),10,10)),"") | F182: =IF(B182=1,IFERROR(LOOKUP(2,1/('Tracker&Invoice'!$H200:$AC200<>""),COLUMN('Tracker&Invoice'!$H200:$AC200)),8),F181) -> 15 | G182: =IF(D182="OVERALL",IFERROR(LOOKUP(2,1/('Tracker&Invoice'!$H200:$AC200<>""),COLUMN('Tracker&Invoice'!$H200:$AC200)),8),G183) -> 16 | H182: =MAX(F182,G182) -> 16 | I182: =IF(D182="INVOICE",SUM('Tracker&Invoice'!$H200:INDEX('Tracker&Invoice'!$A200:$AC200,1,H182)),0) -> 0 | J182: =IF(D182="OVERALL",SUM('Tracker&Invoice'!$H200:$AC200),0) -> 0
A183: =A182+B183 -> 8 | B183: =IF(AND('Tracker&Invoice'!A201<>"",'Tracker&Invoice'!A201<>"ITEM",'Tracker&Invoice'!A199="ITEM"),1,0) -> 0 | C183: =IF(B183=1,'Tracker&Invoice'!A201,C182) -> BQ-059 | D183: =IF(LEFT(TRIM('Tracker&Invoice'!B201),9)="INVOICE #","INVOICE",IF(TRIM('Tracker&Invoice'!B201)="Overall Completion INVOICE","OVERALL","")) -> INVOICE | E183: =IF(D183="INVOICE",VALUE(MID(TRIM('Tracker&Invoice'!B201),10,10)),"") -> 28 | F183: =IF(B183=1,IFERROR(LOOKUP(2,1/('Tracker&Invoice'!$H201:$AC201<>""),COLUMN('Tracker&Invoice'!$H201:$AC201)),8),F182) -> 15 | G183: =IF(D183="OVERALL",IFERROR(LOOKUP(2,1/('Tracker&Invoice'!$H201:$AC201<>""),COLUMN('Tracker&Invoice'!$H201:$AC201)),8),G184) -> 16 | H183: =MAX(F183,G183) -> 16 | I183: =IF(D183="INVOICE",SUM('Tracker&Invoice'!$H201:INDEX('Tracker&Invoice'!$A201:$AC201,1,H183)),0) -> 195 | J183: =IF(D183="OVERALL",SUM('Tracker&Invoice'!$H201:$AC201),0) -> 0
A184: =A183+B184 -> 8 | B184: =IF(AND('Tracker&Invoice'!A202<>"",'Tracker&Invoice'!A202<>"ITEM",'Tracker&Invoice'!A200="ITEM"),1,0) -> 0 | C184: =IF(B184=1,'Tracker&Invoice'!A202,C183) -> BQ-059 | D184: =IF(LEFT(TRIM('Tracker&Invoice'!B202),9)="INVOICE #","INVOICE",IF(TRIM('Tracker&Invoice'!B202)="Overall Completion INVOICE","OVERALL","")) | E184: =IF(D184="INVOICE",VALUE(MID(TRIM('Tracker&Invoice'!B202),10,10)),"") | F184: =IF(B184=1,IFERROR(LOOKUP(2,1/('Tracker&Invoice'!$H202:$AC202<>""),COLUMN('Tracker&Invoice'!$H202:$AC202)),8),F183) -> 15 | G184: =IF(D184="OVERALL",IFERROR(LOOKUP(2,1/('Tracker&Invoice'!$H202:$AC202<>""),COLUMN('Tracker&Invoice'!$H202:$AC202)),8),G185) -> 16 | H184: =MAX(F184,G184) -> 16 | I184: =IF(D184="INVOICE",SUM('Tracker&Invoice'!$H202:INDEX('Tracker&Invoice'!$A202:$AC202,1,H184)),0) -> 0 | J184: =IF(D184="OVERALL",SUM('Tracker&Invoice'!$H202:$AC202),0) -> 0
... A668: =A667+B668 -> 29 | B668: =IF(AND('Tracker&Invoice'!A686<>"",'Tracker&Invoice'!A686<>"ITEM",'Tracker&Invoice'!A684="ITEM"),1,0) -> 0 | C668: =IF(B668=1,'Tracker&Invoice'!A686,C667) -> BQ-080 | D668: =IF(LEFT(TRIM('Tracker&Invoice'!B686),9)="INVOICE #","INVOICE",IF(TRIM('Tracker&Invoice'!B686)="Overall Completion INVOICE","OVERALL","")) -> INVOICE | E668: =IF(D668="INVOICE",VALUE(MID(TRIM('Tracker&Invoice'!B686),10,10)),"") -> 33 | F668: =IF(B668=1,IFERROR(LOOKUP(2,1/('Tracker&Invoice'!$H686:$AC686<>""),COLUMN('Tracker&Invoice'!$H686:$AC686)),8),F667) -> 15 | G668: =IF(D668="OVERALL",IFERROR(LOOKUP(2,1/('Tracker&Invoice'!$H686:$AC686<>""),COLUMN('Tracker&Invoice'!$H686:$AC686)),8),G669) -> #REF! | H668: =MAX(F668,G668) -> #REF! | I668: =IF(D668="INVOICE",SUM('Tracker&Invoice'!$H686:INDEX('Tracker&Invoice'!$A686:$AC686,1,H668)),0) -> #REF! | J668: =IF(D668="OVERALL",SUM('Tracker&Invoice'!$H686:$AC686),0) -> 0
A669: =A668+B669 -> #REF! | B669: =IF(AND('Tracker&Invoice'!#REF!<>"",'Tracker&Invoice'!#REF!<>"ITEM",'Tracker&Invoice'!A685="ITEM"),1,0) -> #REF! | C669: =IF(B669=1,'Tracker&Invoice'!#REF!,C668) -> #REF! | D669: =IF(LEFT(TRIM('Tracker&Invoice'!#REF!),9)="INVOICE #","INVOICE",IF(TRIM('Tracker&Invoice'!#REF!)="Overall Completion INVOICE","OVERALL","")) -> #REF! | E669: =IF(D669="INVOICE",VALUE(MID(TRIM('Tracker&Invoice'!#REF!),10,10)),"") -> #REF! | F669: =IF(B669=1,IFERROR(LOOKUP(2,1/('Tracker&Invoice'!#REF!<>""),COLUMN('Tracker&Invoice'!#REF!)),8),F668) -> #REF! | G669: =IF(D669="OVERALL",IFERROR(LOOKUP(2,1/('Tracker&Invoice'!#REF!<>""),COLUMN('Tracker&Invoice'!#REF!)),8),G670) -> #REF! | H669: =MAX(F669,G669) -> #REF! | I669: =IF(D669="INVOICE",SUM('Tracker&Invoice'!#REF!:INDEX('Tracker&Invoice'!#REF!,1,H669)),0) -> #REF! | J669: =IF(D669="OVERALL",SUM('Tracker&Invoice'!#REF!),0) -> #REF!
A670: =A669+B670 -> #REF! | B670: =IF(AND('Tracker&Invoice'!#REF!<>"",'Tracker&Invoice'!#REF!<>"ITEM",'Tracker&Invoice'!A686="ITEM"),1,0) -> #REF! | C670: =IF(B670=1,'Tracker&Invoice'!#REF!,C669) -> #REF! | D670: =IF(LEFT(TRIM('Tracker&Invoice'!#REF!),9)="INVOICE #","INVOICE",IF(TRIM('Tracker&Invoice'!#REF!)="Overall Completion INVOICE","OVERALL","")) -> #REF! | E670: =IF(D670="INVOICE",VALUE(MID(TRIM('Tracker&Invoice'!#REF!),10,10)),"") -> #REF! | F670: =IF(B670=1,IFERROR(LOOKUP(2,1/('Tracker&Invoice'!#REF!<>""),COLUMN('Tracker&Invoice'!#REF!)),8),F669) -> #REF! | G670: =IF(D670="OVERALL",IFERROR(LOOKUP(2,1/('Tracker&Invoice'!#REF!<>""),COLUMN('Tracker&Invoice'!#REF!)),8),G671) -> #REF! | H670: =MAX(F670,G670) -> #REF! | I670: =IF(D670="INVOICE",SUM('Tracker&Invoice'!#REF!:INDEX('Tracker&Invoice'!#REF!,1,H670)),0) -> #REF! | J670: =IF(D670="OVERALL",SUM('Tracker&Invoice'!#REF!),0) -> #REF!
A671: =A670+B671 -> #REF! | B671: =IF(AND('Tracker&Invoice'!#REF!<>"",'Tracker&Invoice'!#REF!<>"ITEM",'Tracker&Invoice'!#REF!="ITEM"),1,0) -> #REF! | C671: =IF(B671=1,'Tracker&Invoice'!#REF!,C670) -> #REF! | D671: =IF(LEFT(TRIM('Tracker&Invoice'!#REF!),9)="INVOICE #","INVOICE",IF(TRIM('Tracker&Invoice'!#REF!)="Overall Completion INVOICE","OVERALL","")) -> #REF! | E671: =IF(D671="INVOICE",VALUE(MID(TRIM('Tracker&Invoice'!#REF!),10,10)),"") -> #REF! | F671: =IF(B671=1,IFERROR(LOOKUP(2,1/('Tracker&Invoice'!#REF!<>""),COLUMN('Tracker&Invoice'!#REF!)),8),F670) -> #REF! | G671: =IF(D671="OVERALL",IFERROR(LOOKUP(2,1/('Tracker&Invoice'!#REF!<>""),COLUMN('Tracker&Invoice'!#REF!)),8),G672) -> #REF! | H671: =MAX(F671,G671) -> #REF! | I671: =IF(D671="INVOICE",SUM('Tracker&Invoice'!#REF!:INDEX('Tracker&Invoice'!#REF!,1,H671)),0) -> #REF! | J671: =IF(D671="OVERALL",SUM('Tracker&Invoice'!#REF!),0) -> #REF!
A672: =A671+B672 -> #REF! | B672: =IF(AND('Tracker&Invoice'!#REF!<>"",'Tracker&Invoice'!#REF!<>"ITEM",'Tracker&Invoice'!#REF!="ITEM"),1,0) -> #REF! | C672: =IF(B672=1,'Tracker&Invoice'!#REF!,C671) -> #REF! | D672: =IF(LEFT(TRIM('Tracker&Invoice'!#REF!),9)="INVOICE #","INVOICE",IF(TRIM('Tracker&Invoice'!#REF!)="Overall Completion INVOICE","OVERALL","")) -> #REF! | E672: =IF(D672="INVOICE",VALUE(MID(TRIM('Tracker&Invoice'!#REF!),10,10)),"") -> #REF! | F672: =IF(B672=1,IFERROR(LOOKUP(2,1/('Tracker&Invoice'!#REF!<>""),COLUMN('Tracker&Invoice'!#REF!)),8),F671) -> #REF! | G672: =IF(D672="OVERALL",IFERROR(LOOKUP(2,1/('Tracker&Invoice'!#REF!<>""),COLUMN('Tracker&Invoice'!#REF!)),8),G673) -> #REF! | H672: =MAX(F672,G672) -> #REF! | I672: =IF(D672="INVOICE",SUM('Tracker&Invoice'!#REF!:INDEX('Tracker&Invoice'!#REF!,1,H672)),0) -> #REF! | J672: =IF(D672="OVERALL",SUM('Tracker&Invoice'!#REF!),0) -> #REF!
A673: =A672+B673 -> #REF! | B673: =IF(AND('Tracker&Invoice'!A687<>"",'Tracker&Invoice'!A687<>"ITEM",'Tracker&Invoice'!#REF!="ITEM"),1,0) -> #REF! | C673: =IF(B673=1,'Tracker&Invoice'!A687,C672) -> #REF! | D673: =IF(LEFT(TRIM('Tracker&Invoice'!B687),9)="INVOICE #","INVOICE",IF(TRIM('Tracker&Invoice'!B687)="Overall Completion INVOICE","OVERALL","")) | E673: =IF(D673="INVOICE",VALUE(MID(TRIM('Tracker&Invoice'!B687),10,10)),"") | F673: =IF(B673=1,IFERROR(LOOKUP(2,1/('Tracker&Invoice'!$H687:$AC687<>""),COLUMN('Tracker&Invoice'!$H687:$AC687)),8),F672) -> #REF! | G673: =IF(D673="OVERALL",IFERROR(LOOKUP(2,1/('Tracker&Invoice'!$H687:$AC687<>""),COLUMN('Tracker&Invoice'!$H687:$AC687)),8),G674) -> 16 | H673: =MAX(F673,G673) -> #REF! | I673: =IF(D673="INVOICE",SUM('Tracker&Invoice'!$H687:INDEX('Tracker&Invoice'!$A687:$AC687,1,H673)),0) -> 0 | J673: =IF(D673="OVERALL",SUM('Tracker&Invoice'!$H687:$AC687),0) -> 0
A674: =A673+B674 -> #REF! | B674: =IF(AND('Tracker&Invoice'!A688<>"",'Tracker&Invoice'!A688<>"ITEM",'Tracker&Invoice'!#REF!="ITEM"),1,0) -> #REF! | C674: =IF(B674=1,'Tracker&Invoice'!A688,C673) -> #REF! | D674: =IF(LEFT(TRIM('Tracker&Invoice'!B688),9)="INVOICE #","INVOICE",IF(TRIM('Tracker&Invoice'!B688)="Overall Completion INVOICE","OVERALL","")) -> OVERALL | E674: =IF(D674="INVOICE",VALUE(MID(TRIM('Tracker&Invoice'!B688),10,10)),"") | F674: =IF(B674=1,IFERROR(LOOKUP(2,1/('Tracker&Invoice'!$H688:$AC688<>""),COLUMN('Tracker&Invoice'!$H688:$AC688)),8),F673) -> #REF! | G674: =IF(D674="OVERALL",IFERROR(LOOKUP(2,1/('Tracker&Invoice'!$H688:$AC688<>""),COLUMN('Tracker&Invoice'!$H688:$AC688)),8),G675) -> 16 | H674: =MAX(F674,G674) -> #REF! | I674: =IF(D674="INVOICE",SUM('Tracker&Invoice'!$H688:INDEX('Tracker&Invoice'!$A688:$AC688,1,H674)),0) -> 0 | J674: =IF(D674="OVERALL",SUM('Tracker&Invoice'!$H688:$AC688),0) -> 101120
A675: =A674+B675 -> #REF! | B675: =IF(AND('Tracker&Invoice'!A689<>"",'Tracker&Invoice'!A689<>"ITEM",'Tracker&Invoice'!A687="ITEM"),1,0) -> 0 | C675: =IF(B675=1,'Tracker&Invoice'!A689,C674) -> #REF! | D675: =IF(LEFT(TRIM('Tracker&Invoice'!B689),9)="INVOICE #","INVOICE",IF(TRIM('Tracker&Invoice'!B689)="Overall Completion INVOICE","OVERALL","")) | E675: =IF(D675="INVOICE",VALUE(MID(TRIM('Tracker&Invoice'!B689),10,10)),"") | F675: =IF(B675=1,IFERROR(LOOKUP(2,1/('Tracker&Invoice'!$H689:$AC689<>""),COLUMN('Tracker&Invoice'!$H689:$AC689)),8),F674) -> #REF! | G675: =IF(D675="OVERALL",IFERROR(LOOKUP(2,1/('Tracker&Invoice'!$H689:$AC689<>""),COLUMN('Tracker&Invoice'!$H689:$AC689)),8),G676) -> 15 | H675: =MAX(F675,G675) -> #REF! | I675: =IF(D675="INVOICE",SUM('Tracker&Invoice'!$H689:INDEX('Tracker&Invoice'!$A689:$AC689,1,H675)),0) -> 0 | J675: =IF(D675="OVERALL",SUM('Tracker&Invoice'!$H689:$AC689),0) -> 0
A676: =A675+B676 -> #REF! | B676: =IF(AND('Tracker&Invoice'!A690<>"",'Tracker&Invoice'!A690<>"ITEM",'Tracker&Invoice'!A688="ITEM"),1,0) -> 0 | C676: =IF(B676=1,'Tracker&Invoice'!A690,C675) -> #REF! | D676: =IF(LEFT(TRIM('Tracker&Invoice'!B690),9)="INVOICE #","INVOICE",IF(TRIM('Tracker&Invoice'!B690)="Overall Completion INVOICE","OVERALL","")) | E676: =IF(D676="INVOICE",VALUE(MID(TRIM('Tracker&Invoice'!B690),10,10)),"") | F676: =IF(B676=1,IFERROR(LOOKUP(2,1/('Tracker&Invoice'!$H690:$AC690<>""),COLUMN('Tracker&Invoice'!$H690:$AC690)),8),F675) -> #REF! | G676: =IF(D676="OVERALL",IFERROR(LOOKUP(2,1/('Tracker&Invoice'!$H690:$AC690<>""),COLUMN('Tracker&Invoice'!$H690:$AC690)),8),G677) -> 15 | H676: =MAX(F676,G676) -> #REF! | I676: =IF(D676="INVOICE",SUM('Tracker&Invoice'!$H690:INDEX('Tracker&Invoice'!$A690:$AC690,1,H676)),0) -> 0 | J676: =IF(D676="OVERALL",SUM('Tracker&Invoice'!$H690:$AC690),0) -> 0
A677: =A676+B677 -> #REF! | B677: =IF(AND('Tracker&Invoice'!A691<>"",'Tracker&Invoice'!A691<>"ITEM",'Tracker&Invoice'!A689="ITEM"),1,0) -> 0 | C677: =IF(B677=1,'Tracker&Invoice'!A691,C676) -> #REF! | D677: =IF(LEFT(TRIM('Tracker&Invoice'!B691),9)="INVOICE #","INVOICE",IF(TRIM('Tracker&Invoice'!B691)="Overall Completion INVOICE","OVERALL","")) | E677: =IF(D677="INVOICE",VALUE(MID(TRIM('Tracker&Invoice'!B691),10,10)),"") | F677: =IF(B677=1,IFERROR(LOOKUP(2,1/('Tracker&Invoice'!$H691:$AC691<>""),COLUMN('Tracker&Invoice'!$H691:$AC691)),8),F676) -> #REF! | G677: =IF(D677="OVERALL",IFERROR(LOOKUP(2,1/('Tracker&Invoice'!$H691:$AC691<>""),COLUMN('Tracker&Invoice'!$H691:$AC691)),8),G678) -> 15 | H677: =MAX(F677,G677) -> #REF! | I677: =IF(D677="INVOICE",SUM('Tracker&Invoice'!$H691:INDEX('Tracker&Invoice'!$A691:$AC691,1,H677)),0) -> 0 | J677: =IF(D677="OVERALL",SUM('Tracker&Invoice'!$H691:$AC691),0) -> 0
A678: =A677+B678 -> #REF! | B678: =IF(AND('Tracker&Invoice'!A692<>"",'Tracker&Invoice'!A692<>"ITEM",'Tracker&Invoice'!A690="ITEM"),1,0) -> 0 | C678: =IF(B678=1,'Tracker&Invoice'!A692,C677) -> #REF! | D678: =IF(LEFT(TRIM('Tracker&Invoice'!B692),9)="INVOICE #","INVOICE",IF(TRIM('Tracker&Invoice'!B692)="Overall Completion INVOICE","OVERALL","")) | E678: =IF(D678="INVOICE",VALUE(MID(TRIM('Tracker&Invoice'!B692),10,10)),"") | F678: =IF(B678=1,IFERROR(LOOKUP(2,1/('Tracker&Invoice'!$H692:$AC692<>""),COLUMN('Tracker&Invoice'!$H692:$AC692)),8),F677) -> #REF! | G678: =IF(D678="OVERALL",IFERROR(LOOKUP(2,1/('Tracker&Invoice'!$H692:$AC692<>""),COLUMN('Tracker&Invoice'!$H692:$AC692)),8),G679) -> 15 | H678: =MAX(F678,G678) -> #REF! | I678: =IF(D678="INVOICE",SUM('Tracker&Invoice'!$H692:INDEX('Tracker&Invoice'!$A692:$AC692,1,H678)),0) -> 0 | J678: =IF(D678="OVERALL",SUM('Tracker&Invoice'!$H692:$AC692),0) -> 0
A679: =A678+B679 -> #REF! | B679: =IF(AND('Tracker&Invoice'!A693<>"",'Tracker&Invoice'!A693<>"ITEM",'Tracker&Invoice'!A691="ITEM"),1,0) -> 0 | C679: =IF(B679=1,'Tracker&Invoice'!A693,C678) -> #REF! | D679: =IF(LEFT(TRIM('Tracker&Invoice'!B693),9)="INVOICE #","INVOICE",IF(TRIM('Tracker&Invoice'!B693)="Overall Completion INVOICE","OVERALL","")) | E679: =IF(D679="INVOICE",VALUE(MID(TRIM('Tracker&Invoice'!B693),10,10)),"") | F679: =IF(B679=1,IFERROR(LOOKUP(2,1/('Tracker&Invoice'!$H693:$AC693<>""),COLUMN('Tracker&Invoice'!$H693:$AC693)),8),F678) -> #REF! | G679: =IF(D679="OVERALL",IFERROR(LOOKUP(2,1/('Tracker&Invoice'!$H693:$AC693<>""),COLUMN('Tracker&Invoice'!$H693:$AC693)),8),G680) -> 15 | H679: =MAX(F679,G679) -> #REF! | I679: =IF(D679="INVOICE",SUM('Tracker&Invoice'!$H693:INDEX('Tracker&Invoice'!$A693:$AC693,1,H679)),0) -> 0 | J679: =IF(D679="OVERALL",SUM('Tracker&Invoice'!$H693:$AC693),0) -> 0
A680: =A679+B680 -> #REF! | B680: =IF(AND('Tracker&Invoice'!A694<>"",'Tracker&Invoice'!A694<>"ITEM",'Tracker&Invoice'!A692="ITEM"),1,0) -> 0 | C680: =IF(B680=1,'Tracker&Invoice'!A694,C679) -> #REF! | D680: =IF(LEFT(TRIM('Tracker&Invoice'!B694),9)="INVOICE #","INVOICE",IF(TRIM('Tracker&Invoice'!B694)="Overall Completion INVOICE","OVERALL","")) | E680: =IF(D680="INVOICE",VALUE(MID(TRIM('Tracker&Invoice'!B694),10,10)),"") | F680: =IF(B680=1,IFERROR(LOOKUP(2,1/('Tracker&Invoice'!$H694:$AC694<>""),COLUMN('Tracker&Invoice'!$H694:$AC694)),8),F679) -> #REF! | G680: =IF(D680="OVERALL",IFERROR(LOOKUP(2,1/('Tracker&Invoice'!$H694:$AC694<>""),COLUMN('Tracker&Invoice'!$H694:$AC694)),8),G681) -> 15 | H680: =MAX(F680,G680) -> #REF! | I680: =IF(D680="INVOICE",SUM('Tracker&Invoice'!$H694:INDEX('Tracker&Invoice'!$A694:$AC694,1,H680)),0) -> 0 | J680: =IF(D680="OVERALL",SUM('Tracker&Invoice'!$H694:$AC694),0) -> 0
A681: =A680+B681 -> #REF! | B681: =IF(AND('Tracker&Invoice'!A695<>"",'Tracker&Invoice'!A695<>"ITEM",'Tracker&Invoice'!A693="ITEM"),1,0) -> 0 | C681: =IF(B681=1,'Tracker&Invoice'!A695,C680) -> #REF! | D681: =IF(LEFT(TRIM('Tracker&Invoice'!B695),9)="INVOICE #","INVOICE",IF(TRIM('Tracker&Invoice'!B695)="Overall Completion INVOICE","OVERALL","")) | E681: =IF(D681="INVOICE",VALUE(MID(TRIM('Tracker&Invoice'!B695),10,10)),"") | F681: =IF(B681=1,IFERROR(LOOKUP(2,1/('Tracker&Invoice'!$H695:$AC695<>""),COLUMN('Tracker&Invoice'!$H695:$AC695)),8),F680) -> #REF! | G681: =IF(D681="OVERALL",IFERROR(LOOKUP(2,1/('Tracker&Invoice'!$H695:$AC695<>""),COLUMN('Tracker&Invoice'!$H695:$AC695)),8),G682) -> 15 | H681: =MAX(F681,G681) -> #REF! | I681: =IF(D681="INVOICE",SUM('Tracker&Invoice'!$H695:INDEX('Tracker&Invoice'!$A695:$AC695,1,H681)),0) -> 0 | J681: =IF(D681="OVERALL",SUM('Tracker&Invoice'!$H695:$AC695),0) -> 0
A682: =A681+B682 -> #REF! | B682: =IF(AND('Tracker&Invoice'!A696<>"",'Tracker&Invoice'!A696<>"ITEM",'Tracker&Invoice'!A694="ITEM"),1,0) -> 0 | C682: =IF(B682=1,'Tracker&Invoice'!A696,C681) -> #REF! | D682: =IF(LEFT(TRIM('Tracker&Invoice'!B696),9)="INVOICE #","INVOICE",IF(TRIM('Tracker&Invoice'!B696)="Overall Completion INVOICE","OVERALL","")) | E682: =IF(D682="INVOICE",VALUE(MID(TRIM('Tracker&Invoice'!B696),10,10)),"") | F682: =IF(B682=1,IFERROR(LOOKUP(2,1/('Tracker&Invoice'!$H696:$AC696<>""),COLUMN('Tracker&Invoice'!$H696:$AC696)),8),F681) -> #REF! | G682: =IF(D682="OVERALL",IFERROR(LOOKUP(2,1/('Tracker&Invoice'!$H696:$AC696<>""),COLUMN('Tracker&Invoice'!$H696:$AC696)),8),G683) -> 15 | H682: =MAX(F682,G682) -> #REF! | I682: =IF(D682="INVOICE",SUM('Tracker&Invoice'!$H696:INDEX('Tracker&Invoice'!$A696:$AC696,1,H682)),0) -> 0 | J682: =IF(D682="OVERALL",SUM('Tracker&Invoice'!$H696:$AC696),0) -> 0
A683: =A682+B683 -> #REF! | B683: =IF(AND('Tracker&Invoice'!A697<>"",'Tracker&Invoice'!A697<>"ITEM",'Tracker&Invoice'!A695="ITEM"),1,0) -> 1 | C683: =IF(B683=1,'Tracker&Invoice'!A697,C682) -> BQ-081 | D683: =IF(LEFT(TRIM('Tracker&Invoice'!B697),9)="INVOICE #","INVOICE",IF(TRIM('Tracker&Invoice'!B697)="Overall Completion INVOICE","OVERALL","")) | E683: =IF(D683="INVOICE",VALUE(MID(TRIM('Tracker&Invoice'!B697),10,10)),"") | F683: =IF(B683=1,IFERROR(LOOKUP(2,1/('Tracker&Invoice'!$H697:$AC697<>""),COLUMN('Tracker&Invoice'!$H697:$AC697)),8),F682) -> 14 | G683: =IF(D683="OVERALL",IFERROR(LOOKUP(2,1/('Tracker&Invoice'!$H697:$AC697<>""),COLUMN('Tracker&Invoice'!$H697:$AC697)),8),G684) -> 15 | H683: =MAX(F683,G683) -> 15 | I683: =IF(D683="INVOICE",SUM('Tracker&Invoice'!$H697:INDEX('Tracker&Invoice'!$A697:$AC697,1,H683)),0) -> 0 | J683: =IF(D683="OVERALL",SUM('Tracker&Invoice'!$H697:$AC697),0) -> 0
A684: =A683+B684 -> #REF! | B684: =IF(AND('Tracker&Invoice'!A698<>"",'Tracker&Invoice'!A698<>"ITEM",'Tracker&Invoice'!A696="ITEM"),1,0) -> 0 | C684: =IF(B684=1,'Tracker&Invoice'!A698,C683) -> BQ-081 | D684: =IF(LEFT(TRIM('Tracker&Invoice'!B698),9)="INVOICE #","INVOICE",IF(TRIM('Tracker&Invoice'!B698)="Overall Completion INVOICE","OVERALL","")) | E684: =IF(D684="INVOICE",VALUE(MID(TRIM('Tracker&Invoice'!B698),10,10)),"") | F684: =IF(B684=1,IFERROR(LOOKUP(2,1/('Tracker&Invoice'!$H698:$AC698<>""),COLUMN('Tracker&Invoice'!$H698:$AC698)),8),F683) -> 14 | G684: =IF(D684="OVERALL",IFERROR(LOOKUP(2,1/('Tracker&Invoice'!$H698:$AC698<>""),COLUMN('Tracker&Invoice'!$H698:$AC698)),8),G685) -> 15 | H684: =MAX(F684,G684) -> 15 | I684: =IF(D684="INVOICE",SUM('Tracker&Invoice'!$H698:INDEX('Tracker&Invoice'!$A698:$AC698,1,H684)),0) -> 0 | J684: =IF(D684="OVERALL",SUM('Tracker&Invoice'!$H698:$AC698),0) -> 0
A685: =A684+B685 -> #REF! | B685: =IF(AND('Tracker&Invoice'!A699<>"",'Tracker&Invoice'!A699<>"ITEM",'Tracker&Invoice'!A697="ITEM"),1,0) -> 0 | C685: =IF(B685=1,'Tracker&Invoice'!A699,C684) -> BQ-081 | D685: =IF(LEFT(TRIM('Tracker&Invoice'!B699),9)="INVOICE #","INVOICE",IF(TRIM('Tracker&Invoice'!B699)="Overall Completion INVOICE","OVERALL","")) | E685: =IF(D685="INVOICE",VALUE(MID(TRIM('Tracker&Invoice'!B699),10,10)),"") | F685: =IF(B685=1,IFERROR(LOOKUP(2,1/('Tracker&Invoice'!$H699:$AC699<>""),COLUMN('Tracker&Invoice'!$H699:$AC699)),8),F684) -> 14 | G685: =IF(D685="OVERALL",IFERROR(LOOKUP(2,1/('Tracker&Invoice'!$H699:$AC699<>""),COLUMN('Tracker&Invoice'!$H699:$AC699)),8),G686) -> 15 | H685: =MAX(F685,G685) -> 15 | I685: =IF(D685="INVOICE",SUM('Tracker&Invoice'!$H699:INDEX('Tracker&Invoice'!$A699:$AC699,1,H685)),0) -> 0 | J685: =IF(D685="OVERALL",SUM('Tracker&Invoice'!$H699:$AC699),0) -> 0
A686: =A685+B686 -> #REF! | B686: =IF(AND('Tracker&Invoice'!A700<>"",'Tracker&Invoice'!A700<>"ITEM",'Tracker&Invoice'!A698="ITEM"),1,0) -> 0 | C686: =IF(B686=1,'Tracker&Invoice'!A700,C685) -> BQ-081 | D686: =IF(LEFT(TRIM('Tracker&Invoice'!B700),9)="INVOICE #","INVOICE",IF(TRIM('Tracker&Invoice'!B700)="Overall Completion INVOICE","OVERALL","")) -> INVOICE | E686: =IF(D686="INVOICE",VALUE(MID(TRIM('Tracker&Invoice'!B700),10,10)),"") -> 15 | F686: =IF(B686=1,IFERROR(LOOKUP(2,1/('Tracker&Invoice'!$H700:$AC700<>""),COLUMN('Tracker&Invoice'!$H700:$AC700)),8),F685) -> 14 | G686: =IF(D686="OVERALL",IFERROR(LOOKUP(2,1/('Tracker&Invoice'!$H700:$AC700<>""),COLUMN('Tracker&Invoice'!$H700:$AC700)),8),G687) -> 15 | H686: =MAX(F686,G686) -> 15 | I686: =IF(D686="INVOICE",SUM('Tracker&Invoice'!$H700:INDEX('Tracker&Invoice'!$A700:$AC700,1,H686)),0) -> 669840 | J686: =IF(D686="OVERALL",SUM('Tracker&Invoice'!$H700:$AC700),0) -> 0
... A842: =A841+B842 -> #REF! | B842: =IF(AND('Tracker&Invoice'!A856<>"",'Tracker&Invoice'!A856<>"ITEM",'Tracker&Invoice'!A854="ITEM"),1,0) -> 0 | C842: =IF(B842=1,'Tracker&Invoice'!A856,C841) -> BQ-086 | D842: =IF(LEFT(TRIM('Tracker&Invoice'!B856),9)="INVOICE #","INVOICE",IF(TRIM('Tracker&Invoice'!B856)="Overall Completion INVOICE","OVERALL","")) -> INVOICE | E842: =IF(D842="INVOICE",VALUE(MID(TRIM('Tracker&Invoice'!B856),10,10)),"") -> 32 | F842: =IF(B842=1,IFERROR(LOOKUP(2,1/('Tracker&Invoice'!$H856:$AC856<>""),COLUMN('Tracker&Invoice'!$H856:$AC856)),8),F841) -> 17 | G842: =IF(D842="OVERALL",IFERROR(LOOKUP(2,1/('Tracker&Invoice'!$H856:$AC856<>""),COLUMN('Tracker&Invoice'!$H856:$AC856)),8),G843) -> 16 | H842: =MAX(F842,G842) -> 17 | I842: =IF(D842="INVOICE",SUM('Tracker&Invoice'!$H856:INDEX('Tracker&Invoice'!$A856:$AC856,1,H842)),0) -> 4704.55 | J842: =IF(D842="OVERALL",SUM('Tracker&Invoice'!$H856:$AC856),0) -> 0
A843: =A842+B843 -> #REF! | B843: =IF(AND('Tracker&Invoice'!A859<>"",'Tracker&Invoice'!A859<>"ITEM",'Tracker&Invoice'!A855="ITEM"),1,0) -> 0 | C843: =IF(B843=1,'Tracker&Invoice'!A859,C842) -> BQ-086 | D843: =IF(LEFT(TRIM('Tracker&Invoice'!B859),9)="INVOICE #","INVOICE",IF(TRIM('Tracker&Invoice'!B859)="Overall Completion INVOICE","OVERALL","")) | E843: =IF(D843="INVOICE",VALUE(MID(TRIM('Tracker&Invoice'!B859),10,10)),"") | F843: =IF(B843=1,IFERROR(LOOKUP(2,1/('Tracker&Invoice'!$H859:$AC859<>""),COLUMN('Tracker&Invoice'!$H859:$AC859)),8),F842) -> 17 | G843: =IF(D843="OVERALL",IFERROR(LOOKUP(2,1/('Tracker&Invoice'!$H859:$AC859<>""),COLUMN('Tracker&Invoice'!$H859:$AC859)),8),G844) -> 16 | H843: =MAX(F843,G843) -> 17 | I843: =IF(D843="INVOICE",SUM('Tracker&Invoice'!$H859:INDEX('Tracker&Invoice'!$A859:$AC859,1,H843)),0) -> 0 | J843: =IF(D843="OVERALL",SUM('Tracker&Invoice'!$H859:$AC859),0) -> 0
A844: =A843+B844 -> #REF! | B844: =IF(AND('Tracker&Invoice'!A860<>"",'Tracker&Invoice'!A860<>"ITEM",'Tracker&Invoice'!A856="ITEM"),1,0) -> 0 | C844: =IF(B844=1,'Tracker&Invoice'!A860,C843) -> BQ-086 | D844: =IF(LEFT(TRIM('Tracker&Invoice'!B860),9)="INVOICE #","INVOICE",IF(TRIM('Tracker&Invoice'!B860)="Overall Completion INVOICE","OVERALL","")) -> OVERALL | E844: =IF(D844="INVOICE",VALUE(MID(TRIM('Tracker&Invoice'!B860),10,10)),"") | F844: =IF(B844=1,IFERROR(LOOKUP(2,1/('Tracker&Invoice'!$H860:$AC860<>""),COLUMN('Tracker&Invoice'!$H860:$AC860)),8),F843) -> 17 | G844: =IF(D844="OVERALL",IFERROR(LOOKUP(2,1/('Tracker&Invoice'!$H860:$AC860<>""),COLUMN('Tracker&Invoice'!$H860:$AC860)),8),G845) -> 16 | H844: =MAX(F844,G844) -> 17 | I844: =IF(D844="INVOICE",SUM('Tracker&Invoice'!$H860:INDEX('Tracker&Invoice'!$A860:$AC860,1,H844)),0) -> 0 | J844: =IF(D844="OVERALL",SUM('Tracker&Invoice'!$H860:$AC860),0) -> 13486408
A845: =A844+B845 -> #REF! | B845: =IF(AND('Tracker&Invoice'!A861<>"",'Tracker&Invoice'!A861<>"ITEM",'Tracker&Invoice'!A859="ITEM"),1,0) -> 0 | C845: =IF(B845=1,'Tracker&Invoice'!A861,C844) -> BQ-086 | D845: =IF(LEFT(TRIM('Tracker&Invoice'!B861),9)="INVOICE #","INVOICE",IF(TRIM('Tracker&Invoice'!B861)="Overall Completion INVOICE","OVERALL","")) | E845: =IF(D845="INVOICE",VALUE(MID(TRIM('Tracker&Invoice'!B861),10,10)),"") | F845: =IF(B845=1,IFERROR(LOOKUP(2,1/('Tracker&Invoice'!$H861:$AC861<>""),COLUMN('Tracker&Invoice'!$H861:$AC861)),8),F844) -> 17 | G845: =IF(D845="OVERALL",IFERROR(LOOKUP(2,1/('Tracker&Invoice'!$H861:$AC861<>""),COLUMN('Tracker&Invoice'!$H861:$AC861)),8),G846) -> 16 | H845: =MAX(F845,G845) -> 17 | I845: =IF(D845="INVOICE",SUM('Tracker&Invoice'!$H861:INDEX('Tracker&Invoice'!$A861:$AC861,1,H845)),0) -> 0 | J845: =IF(D845="OVERALL",SUM('Tracker&Invoice'!$H861:$AC861),0) -> 0
A846: =A845+B846 -> #REF! | B846: =IF(AND('Tracker&Invoice'!A862<>"",'Tracker&Invoice'!A862<>"ITEM",'Tracker&Invoice'!A860="ITEM"),1,0) -> 0 | C846: =IF(B846=1,'Tracker&Invoice'!A862,C845) -> BQ-086 | D846: =IF(LEFT(TRIM('Tracker&Invoice'!B862),9)="INVOICE #","INVOICE",IF(TRIM('Tracker&Invoice'!B862)="Overall Completion INVOICE","OVERALL","")) | E846: =IF(D846="INVOICE",VALUE(MID(TRIM('Tracker&Invoice'!B862),10,10)),"") | F846: =IF(B846=1,IFERROR(LOOKUP(2,1/('Tracker&Invoice'!$H862:$AC862<>""),COLUMN('Tracker&Invoice'!$H862:$AC862)),8),F845) -> 17 | G846: =IF(D846="OVERALL",IFERROR(LOOKUP(2,1/('Tracker&Invoice'!$H862:$AC862<>""),COLUMN('Tracker&Invoice'!$H862:$AC862)),8),G847) -> 16 | H846: =MAX(F846,G846) -> 17 | I846: =IF(D846="INVOICE",SUM('Tracker&Invoice'!$H862:INDEX('Tracker&Invoice'!$A862:$AC862,1,H846)),0) -> 0 | J846: =IF(D846="OVERALL",SUM('Tracker&Invoice'!$H862:$AC862),0) -> 0
A847: =A846+B847 -> #REF! | B847: =IF(AND('Tracker&Invoice'!A863<>"",'Tracker&Invoice'!A863<>"ITEM",'Tracker&Invoice'!A861="ITEM"),1,0) -> 0 | C847: =IF(B847=1,'Tracker&Invoice'!A863,C846) -> BQ-086 | D847: =IF(LEFT(TRIM('Tracker&Invoice'!B863),9)="INVOICE #","INVOICE",IF(TRIM('Tracker&Invoice'!B863)="Overall Completion INVOICE","OVERALL","")) | E847: =IF(D847="INVOICE",VALUE(MID(TRIM('Tracker&Invoice'!B863),10,10)),"") | F847: =IF(B847=1,IFERROR(LOOKUP(2,1/('Tracker&Invoice'!$H863:$AC863<>""),COLUMN('Tracker&Invoice'!$H863:$AC863)),8),F846) -> 17 | G847: =IF(D847="OVERALL",IFERROR(LOOKUP(2,1/('Tracker&Invoice'!$H863:$AC863<>""),COLUMN('Tracker&Invoice'!$H863:$AC863)),8),G848) -> 16 | H847: =MAX(F847,G847) -> 17 | I847: =IF(D847="INVOICE",SUM('Tracker&Invoice'!$H863:INDEX('Tracker&Invoice'!$A863:$AC863,1,H847)),0) -> 0 | J847: =IF(D847="OVERALL",SUM('Tracker&Invoice'!$H863:$AC863),0) -> 0
A848: =A847+B848 -> #REF! | B848: =IF(AND('Tracker&Invoice'!A864<>"",'Tracker&Invoice'!A864<>"ITEM",'Tracker&Invoice'!A862="ITEM"),1,0) -> 0 | C848: =IF(B848=1,'Tracker&Invoice'!A864,C847) -> BQ-086 | D848: =IF(LEFT(TRIM('Tracker&Invoice'!B864),9)="INVOICE #","INVOICE",IF(TRIM('Tracker&Invoice'!B864)="Overall Completion INVOICE","OVERALL","")) | E848: =IF(D848="INVOICE",VALUE(MID(TRIM('Tracker&Invoice'!B864),10,10)),"") | F848: =IF(B848=1,IFERROR(LOOKUP(2,1/('Tracker&Invoice'!$H864:$AC864<>""),COLUMN('Tracker&Invoice'!$H864:$AC864)),8),F847) -> 17 | G848: =IF(D848="OVERALL",IFERROR(LOOKUP(2,1/('Tracker&Invoice'!$H864:$AC864<>""),COLUMN('Tracker&Invoice'!$H864:$AC864)),8),G849) -> 16 | H848: =MAX(F848,G848) -> 17 | I848: =IF(D848="INVOICE",SUM('Tracker&Invoice'!$H864:INDEX('Tracker&Invoice'!$A864:$AC864,1,H848)),0) -> 0 | J848: =IF(D848="OVERALL",SUM('Tracker&Invoice'!$H864:$AC864),0) -> 0
A849: =A848+B849 -> #REF! | B849: =IF(AND('Tracker&Invoice'!A865<>"",'Tracker&Invoice'!A865<>"ITEM",'Tracker&Invoice'!A863="ITEM"),1,0) -> 0 | C849: =IF(B849=1,'Tracker&Invoice'!A865,C848) -> BQ-086 | D849: =IF(LEFT(TRIM('Tracker&Invoice'!B865),9)="INVOICE #","INVOICE",IF(TRIM('Tracker&Invoice'!B865)="Overall Completion INVOICE","OVERALL","")) | E849: =IF(D849="INVOICE",VALUE(MID(TRIM('Tracker&Invoice'!B865),10,10)),"") | F849: =IF(B849=1,IFERROR(LOOKUP(2,1/('Tracker&Invoice'!$H865:$AC865<>""),COLUMN('Tracker&Invoice'!$H865:$AC865)),8),F848) -> 17 | G849: =IF(D849="OVERALL",IFERROR(LOOKUP(2,1/('Tracker&Invoice'!$H865:$AC865<>""),COLUMN('Tracker&Invoice'!$H865:$AC865)),8),G850) -> 16 | H849: =MAX(F849,G849) -> 17 | I849: =IF(D849="INVOICE",SUM('Tracker&Invoice'!$H865:INDEX('Tracker&Invoice'!$A865:$AC865,1,H849)),0) -> 0 | J849: =IF(D849="OVERALL",SUM('Tracker&Invoice'!$H865:$AC865),0) -> 0
A850: =A849+B850 -> #REF! | B850: =IF(AND('Tracker&Invoice'!A866<>"",'Tracker&Invoice'!A866<>"ITEM",'Tracker&Invoice'!A864="ITEM"),1,0) -> 0 | C850: =IF(B850=1,'Tracker&Invoice'!A866,C849) -> BQ-086 | D850: =IF(LEFT(TRIM('Tracker&Invoice'!B866),9)="INVOICE #","INVOICE",IF(TRIM('Tracker&Invoice'!B866)="Overall Completion INVOICE","OVERALL","")) | E850: =IF(D850="INVOICE",VALUE(MID(TRIM('Tracker&Invoice'!B866),10,10)),"") | F850: =IF(B850=1,IFERROR(LOOKUP(2,1/('Tracker&Invoice'!$H866:$AC866<>""),COLUMN('Tracker&Invoice'!$H866:$AC866)),8),F849) -> 17 | G850: =IF(D850="OVERALL",IFERROR(LOOKUP(2,1/('Tracker&Invoice'!$H866:$AC866<>""),COLUMN('Tracker&Invoice'!$H866:$AC866)),8),G851) -> 16 | H850: =MAX(F850,G850) -> 17 | I850: =IF(D850="INVOICE",SUM('Tracker&Invoice'!$H866:INDEX('Tracker&Invoice'!$A866:$AC866,1,H850)),0) -> 0 | J850: =IF(D850="OVERALL",SUM('Tracker&Invoice'!$H866:$AC866),0) -> 0
A851: =A850+B851 -> #REF! | B851: =IF(AND('Tracker&Invoice'!A867<>"",'Tracker&Invoice'!A867<>"ITEM",'Tracker&Invoice'!A865="ITEM"),1,0) -> 0 | C851: =IF(B851=1,'Tracker&Invoice'!A867,C850) -> BQ-086 | D851: =IF(LEFT(TRIM('Tracker&Invoice'!B867),9)="INVOICE #","INVOICE",IF(TRIM('Tracker&Invoice'!B867)="Overall Completion INVOICE","OVERALL","")) | E851: =IF(D851="INVOICE",VALUE(MID(TRIM('Tracker&Invoice'!B867),10,10)),"") | F851: =IF(B851=1,IFERROR(LOOKUP(2,1/('Tracker&Invoice'!$H867:$AC867<>""),COLUMN('Tracker&Invoice'!$H867:$AC867)),8),F850) -> 17 | G851: =IF(D851="OVERALL",IFERROR(LOOKUP(2,1/('Tracker&Invoice'!$H867:$AC867<>""),COLUMN('Tracker&Invoice'!$H867:$AC867)),8),G852) -> 16 | H851: =MAX(F851,G851) -> 17 | I851: =IF(D851="INVOICE",SUM('Tracker&Invoice'!$H867:INDEX('Tracker&Invoice'!$A867:$AC867,1,H851)),0) -> 0 | J851: =IF(D851="OVERALL",SUM('Tracker&Invoice'!$H867:$AC867),0) -> 0
A852: =A851+B852 -> #REF! | B852: =IF(AND('Tracker&Invoice'!A868<>"",'Tracker&Invoice'!A868<>"ITEM",'Tracker&Invoice'!A866="ITEM"),1,0) -> 0 | C852: =IF(B852=1,'Tracker&Invoice'!A868,C851) -> BQ-086 | D852: =IF(LEFT(TRIM('Tracker&Invoice'!B868),9)="INVOICE #","INVOICE",IF(TRIM('Tracker&Invoice'!B868)="Overall Completion INVOICE","OVERALL","")) | E852: =IF(D852="INVOICE",VALUE(MID(TRIM('Tracker&Invoice'!B868),10,10)),"") | F852: =IF(B852=1,IFERROR(LOOKUP(2,1/('Tracker&Invoice'!$H868:$AC868<>""),COLUMN('Tracker&Invoice'!$H868:$AC868)),8),F851) -> 17 | G852: =IF(D852="OVERALL",IFERROR(LOOKUP(2,1/('Tracker&Invoice'!$H868:$AC868<>""),COLUMN('Tracker&Invoice'!$H868:$AC868)),8),G853) -> 16 | H852: =MAX(F852,G852) -> 17 | I852: =IF(D852="INVOICE",SUM('Tracker&Invoice'!$H868:INDEX('Tracker&Invoice'!$A868:$AC868,1,H852)),0) -> 0 | J852: =IF(D852="OVERALL",SUM('Tracker&Invoice'!$H868:$AC868),0) -> 0
A853: =A852+B853 -> #REF! | B853: =IF(AND('Tracker&Invoice'!A869<>"",'Tracker&Invoice'!A869<>"ITEM",'Tracker&Invoice'!A867="ITEM"),1,0) -> 1 | C853: =IF(B853=1,'Tracker&Invoice'!A869,C852) -> BQ-087 | D853: =IF(LEFT(TRIM('Tracker&Invoice'!B869),9)="INVOICE #","INVOICE",IF(TRIM('Tracker&Invoice'!B869)="Overall Completion INVOICE","OVERALL","")) | E853: =IF(D853="INVOICE",VALUE(MID(TRIM('Tracker&Invoice'!B869),10,10)),"") | F853: =IF(B853=1,IFERROR(LOOKUP(2,1/('Tracker&Invoice'!$H869:$AC869<>""),COLUMN('Tracker&Invoice'!$H869:$AC869)),8),F852) -> 15 | G853: =IF(D853="OVERALL",IFERROR(LOOKUP(2,1/('Tracker&Invoice'!$H869:$AC869<>""),COLUMN('Tracker&Invoice'!$H869:$AC869)),8),G854) -> 16 | H853: =MAX(F853,G853) -> 16 | I853: =IF(D853="INVOICE",SUM('Tracker&Invoice'!$H869:INDEX('Tracker&Invoice'!$A869:$AC869,1,H853)),0) -> 0 | J853: =IF(D853="OVERALL",SUM('Tracker&Invoice'!$H869:$AC869),0) -> 0
A854: =A853+B854 -> #REF! | B854: =IF(AND('Tracker&Invoice'!A870<>"",'Tracker&Invoice'!A870<>"ITEM",'Tracker&Invoice'!A868="ITEM"),1,0) -> 0 | C854: =IF(B854=1,'Tracker&Invoice'!A870,C853) -> BQ-087 | D854: =IF(LEFT(TRIM('Tracker&Invoice'!B870),9)="INVOICE #","INVOICE",IF(TRIM('Tracker&Invoice'!B870)="Overall Completion INVOICE","OVERALL","")) | E854: =IF(D854="INVOICE",VALUE(MID(TRIM('Tracker&Invoice'!B870),10,10)),"") | F854: =IF(B854=1,IFERROR(LOOKUP(2,1/('Tracker&Invoice'!$H870:$AC870<>""),COLUMN('Tracker&Invoice'!$H870:$AC870)),8),F853) -> 15 | G854: =IF(D854="OVERALL",IFERROR(LOOKUP(2,1/('Tracker&Invoice'!$H870:$AC870<>""),COLUMN('Tracker&Invoice'!$H870:$AC870)),8),G855) -> 16 | H854: =MAX(F854,G854) -> 16 | I854: =IF(D854="INVOICE",SUM('Tracker&Invoice'!$H870:INDEX('Tracker&Invoice'!$A870:$AC870,1,H854)),0) -> 0 | J854: =IF(D854="OVERALL",SUM('Tracker&Invoice'!$H870:$AC870),0) -> 0
A855: =A854+B855 -> #REF! | B855: =IF(AND('Tracker&Invoice'!A871<>"",'Tracker&Invoice'!A871<>"ITEM",'Tracker&Invoice'!A869="ITEM"),1,0) -> 0 | C855: =IF(B855=1,'Tracker&Invoice'!A871,C854) -> BQ-087 | D855: =IF(LEFT(TRIM('Tracker&Invoice'!B871),9)="INVOICE #","INVOICE",IF(TRIM('Tracker&Invoice'!B871)="Overall Completion INVOICE","OVERALL","")) | E855: =IF(D855="INVOICE",VALUE(MID(TRIM('Tracker&Invoice'!B871),10,10)),"") | F855: =IF(B855=1,IFERROR(LOOKUP(2,1/('Tracker&Invoice'!$H871:$AC871<>""),COLUMN('Tracker&Invoice'!$H871:$AC871)),8),F854) -> 15 | G855: =IF(D855="OVERALL",IFERROR(LOOKUP(2,1/('Tracker&Invoice'!$H871:$AC871<>""),COLUMN('Tracker&Invoice'!$H871:$AC871)),8),G856) -> 16 | H855: =MAX(F855,G855) -> 16 | I855: =IF(D855="INVOICE",SUM('Tracker&Invoice'!$H871:INDEX('Tracker&Invoice'!$A871:$AC871,1,H855)),0) -> 0 | J855: =IF(D855="OVERALL",SUM('Tracker&Invoice'!$H871:$AC871),0) -> 0
A856: =A855+B856 -> #REF! | B856: =IF(AND('Tracker&Invoice'!A872<>"",'Tracker&Invoice'!A872<>"ITEM",'Tracker&Invoice'!A870="ITEM"),1,0) -> 0 | C856: =IF(B856=1,'Tracker&Invoice'!A872,C855) -> BQ-087 | D856: =IF(LEFT(TRIM('Tracker&Invoice'!B872),9)="INVOICE #","INVOICE",IF(TRIM('Tracker&Invoice'!B872)="Overall Completion INVOICE","OVERALL","")) -> INVOICE | E856: =IF(D856="INVOICE",VALUE(MID(TRIM('Tracker&Invoice'!B872),10,10)),"") -> 3 | F856: =IF(B856=1,IFERROR(LOOKUP(2,1/('Tracker&Invoice'!$H872:$AC872<>""),COLUMN('Tracker&Invoice'!$H872:$AC872)),8),F855) -> 15 | G856: =IF(D856="OVERALL",IFERROR(LOOKUP(2,1/('Tracker&Invoice'!$H872:$AC872<>""),COLUMN('Tracker&Invoice'!$H872:$AC872)),8),G857) -> 16 | H856: =MAX(F856,G856) -> 16 | I856: =IF(D856="INVOICE",SUM('Tracker&Invoice'!$H872:INDEX('Tracker&Invoice'!$A872:$AC872,1,H856)),0) -> 1379224 | J856: =IF(D856="OVERALL",SUM('Tracker&Invoice'!$H872:$AC872),0) -> 0
... A888: =A887+B888 -> #REF! | B888: =IF(AND('Tracker&Invoice'!A904<>"",'Tracker&Invoice'!A904<>"ITEM",'Tracker&Invoice'!A902="ITEM"),1,0) -> 0 | C888: =IF(B888=1,'Tracker&Invoice'!A904,C887) -> BQ-087 | D888: =IF(LEFT(TRIM('Tracker&Invoice'!B904),9)="INVOICE #","INVOICE",IF(TRIM('Tracker&Invoice'!B904)="Overall Completion INVOICE","OVERALL","")) -> INVOICE | E888: =IF(D888="INVOICE",VALUE(MID(TRIM('Tracker&Invoice'!B904),10,10)),"") -> 32 | F888: =IF(B888=1,IFERROR(LOOKUP(2,1/('Tracker&Invoice'!$H904:$AC904<>""),COLUMN('Tracker&Invoice'!$H904:$AC904)),8),F887) -> 15 | G888: =IF(D888="OVERALL",IFERROR(LOOKUP(2,1/('Tracker&Invoice'!$H904:$AC904<>""),COLUMN('Tracker&Invoice'!$H904:$AC904)),8),G889) -> 16 | H888: =MAX(F888,G888) -> 16 | I888: =IF(D888="INVOICE",SUM('Tracker&Invoice'!$H904:INDEX('Tracker&Invoice'!$A904:$AC904,1,H888)),0) -> 156632 | J888: =IF(D888="OVERALL",SUM('Tracker&Invoice'!$H904:$AC904),0) -> 0
A889: =A888+B889 -> #REF! | B889: =IF(AND('Tracker&Invoice'!A907<>"",'Tracker&Invoice'!A907<>"ITEM",'Tracker&Invoice'!A903="ITEM"),1,0) -> 0 | C889: =IF(B889=1,'Tracker&Invoice'!A907,C888) -> BQ-087 | D889: =IF(LEFT(TRIM('Tracker&Invoice'!B907),9)="INVOICE #","INVOICE",IF(TRIM('Tracker&Invoice'!B907)="Overall Completion INVOICE","OVERALL","")) | E889: =IF(D889="INVOICE",VALUE(MID(TRIM('Tracker&Invoice'!B907),10,10)),"") | F889: =IF(B889=1,IFERROR(LOOKUP(2,1/('Tracker&Invoice'!$H907:$AC907<>""),COLUMN('Tracker&Invoice'!$H907:$AC907)),8),F888) -> 15 | G889: =IF(D889="OVERALL",IFERROR(LOOKUP(2,1/('Tracker&Invoice'!$H907:$AC907<>""),COLUMN('Tracker&Invoice'!$H907:$AC907)),8),G890) -> 16 | H889: =MAX(F889,G889) -> 16 | I889: =IF(D889="INVOICE",SUM('Tracker&Invoice'!$H907:INDEX('Tracker&Invoice'!$A907:$AC907,1,H889)),0) -> 0 | J889: =IF(D889="OVERALL",SUM('Tracker&Invoice'!$H907:$AC907),0) -> 0
A890: =A889+B890 -> #REF! | B890: =IF(AND('Tracker&Invoice'!A908<>"",'Tracker&Invoice'!A908<>"ITEM",'Tracker&Invoice'!A904="ITEM"),1,0) -> 0 | C890: =IF(B890=1,'Tracker&Invoice'!A908,C889) -> BQ-087 | D890: =IF(LEFT(TRIM('Tracker&Invoice'!B908),9)="INVOICE #","INVOICE",IF(TRIM('Tracker&Invoice'!B908)="Overall Completion INVOICE","OVERALL","")) -> OVERALL | E890: =IF(D890="INVOICE",VALUE(MID(TRIM('Tracker&Invoice'!B908),10,10)),"") | F890: =IF(B890=1,IFERROR(LOOKUP(2,1/('Tracker&Invoice'!$H908:$AC908<>""),COLUMN('Tracker&Invoice'!$H908:$AC908)),8),F889) -> 15 | G890: =IF(D890="OVERALL",IFERROR(LOOKUP(2,1/('Tracker&Invoice'!$H908:$AC908<>""),COLUMN('Tracker&Invoice'!$H908:$AC908)),8),G891) -> 16 | H890: =MAX(F890,G890) -> 16 | I890: =IF(D890="INVOICE",SUM('Tracker&Invoice'!$H908:INDEX('Tracker&Invoice'!$A908:$AC908,1,H890)),0) -> 0 | J890: =IF(D890="OVERALL",SUM('Tracker&Invoice'!$H908:$AC908),0) -> 4552632
A891: =A890+B891 -> #REF! | B891: =IF(AND('Tracker&Invoice'!A909<>"",'Tracker&Invoice'!A909<>"ITEM",'Tracker&Invoice'!A907="ITEM"),1,0) -> 0 | C891: =IF(B891=1,'Tracker&Invoice'!A909,C890) -> BQ-087 | D891: =IF(LEFT(TRIM('Tracker&Invoice'!B909),9)="INVOICE #","INVOICE",IF(TRIM('Tracker&Invoice'!B909)="Overall Completion INVOICE","OVERALL","")) | E891: =IF(D891="INVOICE",VALUE(MID(TRIM('Tracker&Invoice'!B909),10,10)),"") | F891: =IF(B891=1,IFERROR(LOOKUP(2,1/('Tracker&Invoice'!$H909:$AC909<>""),COLUMN('Tracker&Invoice'!$H909:$AC909)),8),F890) -> 15 | G891: =IF(D891="OVERALL",IFERROR(LOOKUP(2,1/('Tracker&Invoice'!$H909:$AC909<>""),COLUMN('Tracker&Invoice'!$H909:$AC909)),8),G892) -> 20 | H891: =MAX(F891,G891) -> 20 | I891: =IF(D891="INVOICE",SUM('Tracker&Invoice'!$H909:INDEX('Tracker&Invoice'!$A909:$AC909,1,H891)),0) -> 0 | J891: =IF(D891="OVERALL",SUM('Tracker&Invoice'!$H909:$AC909),0) -> 0
A892: =A891+B892 -> #REF! | B892: =IF(AND('Tracker&Invoice'!A910<>"",'Tracker&Invoice'!A910<>"ITEM",'Tracker&Invoice'!A908="ITEM"),1,0) -> 0 | C892: =IF(B892=1,'Tracker&Invoice'!A910,C891) -> BQ-087 | D892: =IF(LEFT(TRIM('Tracker&Invoice'!B910),9)="INVOICE #","INVOICE",IF(TRIM('Tracker&Invoice'!B910)="Overall Completion INVOICE","OVERALL","")) | E892: =IF(D892="INVOICE",VALUE(MID(TRIM('Tracker&Invoice'!B910),10,10)),"") | F892: =IF(B892=1,IFERROR(LOOKUP(2,1/('Tracker&Invoice'!$H910:$AC910<>""),COLUMN('Tracker&Invoice'!$H910:$AC910)),8),F891) -> 15 | G892: =IF(D892="OVERALL",IFERROR(LOOKUP(2,1/('Tracker&Invoice'!$H910:$AC910<>""),COLUMN('Tracker&Invoice'!$H910:$AC910)),8),G893) -> 20 | H892: =MAX(F892,G892) -> 20 | I892: =IF(D892="INVOICE",SUM('Tracker&Invoice'!$H910:INDEX('Tracker&Invoice'!$A910:$AC910,1,H892)),0) -> 0 | J892: =IF(D892="OVERALL",SUM('Tracker&Invoice'!$H910:$AC910),0) -> 0
A893: =A892+B893 -> #REF! | B893: =IF(AND('Tracker&Invoice'!A911<>"",'Tracker&Invoice'!A911<>"ITEM",'Tracker&Invoice'!A909="ITEM"),1,0) -> 0 | C893: =IF(B893=1,'Tracker&Invoice'!A911,C892) -> BQ-087 | D893: =IF(LEFT(TRIM('Tracker&Invoice'!B911),9)="INVOICE #","INVOICE",IF(TRIM('Tracker&Invoice'!B911)="Overall Completion INVOICE","OVERALL","")) | E893: =IF(D893="INVOICE",VALUE(MID(TRIM('Tracker&Invoice'!B911),10,10)),"") | F893: =IF(B893=1,IFERROR(LOOKUP(2,1/('Tracker&Invoice'!$H911:$AC911<>""),COLUMN('Tracker&Invoice'!$H911:$AC911)),8),F892) -> 15 | G893: =IF(D893="OVERALL",IFERROR(LOOKUP(2,1/('Tracker&Invoice'!$H911:$AC911<>""),COLUMN('Tracker&Invoice'!$H911:$AC911)),8),G894) -> 20 | H893: =MAX(F893,G893) -> 20 | I893: =IF(D893="INVOICE",SUM('Tracker&Invoice'!$H911:INDEX('Tracker&Invoice'!$A911:$AC911,1,H893)),0) -> 0 | J893: =IF(D893="OVERALL",SUM('Tracker&Invoice'!$H911:$AC911),0) -> 0
A894: =A893+B894 -> #REF! | B894: =IF(AND('Tracker&Invoice'!A912<>"",'Tracker&Invoice'!A912<>"ITEM",'Tracker&Invoice'!A910="ITEM"),1,0) -> 0 | C894: =IF(B894=1,'Tracker&Invoice'!A912,C893) -> BQ-087 | D894: =IF(LEFT(TRIM('Tracker&Invoice'!B912),9)="INVOICE #","INVOICE",IF(TRIM('Tracker&Invoice'!B912)="Overall Completion INVOICE","OVERALL","")) | E894: =IF(D894="INVOICE",VALUE(MID(TRIM('Tracker&Invoice'!B912),10,10)),"") | F894: =IF(B894=1,IFERROR(LOOKUP(2,1/('Tracker&Invoice'!$H912:$AC912<>""),COLUMN('Tracker&Invoice'!$H912:$AC912)),8),F893) -> 15 | G894: =IF(D894="OVERALL",IFERROR(LOOKUP(2,1/('Tracker&Invoice'!$H912:$AC912<>""),COLUMN('Tracker&Invoice'!$H912:$AC912)),8),G895) -> 20 | H894: =MAX(F894,G894) -> 20 | I894: =IF(D894="INVOICE",SUM('Tracker&Invoice'!$H912:INDEX('Tracker&Invoice'!$A912:$AC912,1,H894)),0) -> 0 | J894: =IF(D894="OVERALL",SUM('Tracker&Invoice'!$H912:$AC912),0) -> 0
A895: =A894+B895 -> #REF! | B895: =IF(AND('Tracker&Invoice'!A913<>"",'Tracker&Invoice'!A913<>"ITEM",'Tracker&Invoice'!A911="ITEM"),1,0) -> 0 | C895: =IF(B895=1,'Tracker&Invoice'!A913,C894) -> BQ-087 | D895: =IF(LEFT(TRIM('Tracker&Invoice'!B913),9)="INVOICE #","INVOICE",IF(TRIM('Tracker&Invoice'!B913)="Overall Completion INVOICE","OVERALL","")) | E895: =IF(D895="INVOICE",VALUE(MID(TRIM('Tracker&Invoice'!B913),10,10)),"") | F895: =IF(B895=1,IFERROR(LOOKUP(2,1/('Tracker&Invoice'!$H913:$AC913<>""),COLUMN('Tracker&Invoice'!$H913:$AC913)),8),F894) -> 15 | G895: =IF(D895="OVERALL",IFERROR(LOOKUP(2,1/('Tracker&Invoice'!$H913:$AC913<>""),COLUMN('Tracker&Invoice'!$H913:$AC913)),8),G896) -> 20 | H895: =MAX(F895,G895) -> 20 | I895: =IF(D895="INVOICE",SUM('Tracker&Invoice'!$H913:INDEX('Tracker&Invoice'!$A913:$AC913,1,H895)),0) -> 0 | J895: =IF(D895="OVERALL",SUM('Tracker&Invoice'!$H913:$AC913),0) -> 0
A896: =A895+B896 -> #REF! | B896: =IF(AND('Tracker&Invoice'!A914<>"",'Tracker&Invoice'!A914<>"ITEM",'Tracker&Invoice'!A912="ITEM"),1,0) -> 0 | C896: =IF(B896=1,'Tracker&Invoice'!A914,C895) -> BQ-087 | D896: =IF(LEFT(TRIM('Tracker&Invoice'!B914),9)="INVOICE #","INVOICE",IF(TRIM('Tracker&Invoice'!B914)="Overall Completion INVOICE","OVERALL","")) | E896: =IF(D896="INVOICE",VALUE(MID(TRIM('Tracker&Invoice'!B914),10,10)),"") | F896: =IF(B896=1,IFERROR(LOOKUP(2,1/('Tracker&Invoice'!$H914:$AC914<>""),COLUMN('Tracker&Invoice'!$H914:$AC914)),8),F895) -> 15 | G896: =IF(D896="OVERALL",IFERROR(LOOKUP(2,1/('Tracker&Invoice'!$H914:$AC914<>""),COLUMN('Tracker&Invoice'!$H914:$AC914)),8),G897) -> 20 | H896: =MAX(F896,G896) -> 20 | I896: =IF(D896="INVOICE",SUM('Tracker&Invoice'!$H914:INDEX('Tracker&Invoice'!$A914:$AC914,1,H896)),0) -> 0 | J896: =IF(D896="OVERALL",SUM('Tracker&Invoice'!$H914:$AC914),0) -> 0
A897: =A896+B897 -> #REF! | B897: =IF(AND('Tracker&Invoice'!A915<>"",'Tracker&Invoice'!A915<>"ITEM",'Tracker&Invoice'!A913="ITEM"),1,0) -> 0 | C897: =IF(B897=1,'Tracker&Invoice'!A915,C896) -> BQ-087 | D897: =IF(LEFT(TRIM('Tracker&Invoice'!B915),9)="INVOICE #","INVOICE",IF(TRIM('Tracker&Invoice'!B915)="Overall Completion INVOICE","OVERALL","")) | E897: =IF(D897="INVOICE",VALUE(MID(TRIM('Tracker&Invoice'!B915),10,10)),"") | F897: =IF(B897=1,IFERROR(LOOKUP(2,1/('Tracker&Invoice'!$H915:$AC915<>""),COLUMN('Tracker&Invoice'!$H915:$AC915)),8),F896) -> 15 | G897: =IF(D897="OVERALL",IFERROR(LOOKUP(2,1/('Tracker&Invoice'!$H915:$AC915<>""),COLUMN('Tracker&Invoice'!$H915:$AC915)),8),G898) -> 20 | H897: =MAX(F897,G897) -> 20 | I897: =IF(D897="INVOICE",SUM('Tracker&Invoice'!$H915:INDEX('Tracker&Invoice'!$A915:$AC915,1,H897)),0) -> 0 | J897: =IF(D897="OVERALL",SUM('Tracker&Invoice'!$H915:$AC915),0) -> 0
A898: =A897+B898 -> #REF! | B898: =IF(AND('Tracker&Invoice'!A916<>"",'Tracker&Invoice'!A916<>"ITEM",'Tracker&Invoice'!A914="ITEM"),1,0) -> 0 | C898: =IF(B898=1,'Tracker&Invoice'!A916,C897) -> BQ-087 | D898: =IF(LEFT(TRIM('Tracker&Invoice'!B916),9)="INVOICE #","INVOICE",IF(TRIM('Tracker&Invoice'!B916)="Overall Completion INVOICE","OVERALL","")) | E898: =IF(D898="INVOICE",VALUE(MID(TRIM('Tracker&Invoice'!B916),10,10)),"") | F898: =IF(B898=1,IFERROR(LOOKUP(2,1/('Tracker&Invoice'!$H916:$AC916<>""),COLUMN('Tracker&Invoice'!$H916:$AC916)),8),F897) -> 15 | G898: =IF(D898="OVERALL",IFERROR(LOOKUP(2,1/('Tracker&Invoice'!$H916:$AC916<>""),COLUMN('Tracker&Invoice'!$H916:$AC916)),8),G899) -> 20 | H898: =MAX(F898,G898) -> 20 | I898: =IF(D898="INVOICE",SUM('Tracker&Invoice'!$H916:INDEX('Tracker&Invoice'!$A916:$AC916,1,H898)),0) -> 0 | J898: =IF(D898="OVERALL",SUM('Tracker&Invoice'!$H916:$AC916),0) -> 0
A899: =A898+B899 -> #REF! | B899: =IF(AND('Tracker&Invoice'!A917<>"",'Tracker&Invoice'!A917<>"ITEM",'Tracker&Invoice'!A915="ITEM"),1,0) -> 1 | C899: =IF(B899=1,'Tracker&Invoice'!A917,C898) -> BQ-088 | D899: =IF(LEFT(TRIM('Tracker&Invoice'!B917),9)="INVOICE #","INVOICE",IF(TRIM('Tracker&Invoice'!B917)="Overall Completion INVOICE","OVERALL","")) | E899: =IF(D899="INVOICE",VALUE(MID(TRIM('Tracker&Invoice'!B917),10,10)),"") | F899: =IF(B899=1,IFERROR(LOOKUP(2,1/('Tracker&Invoice'!$H917:$AC917<>""),COLUMN('Tracker&Invoice'!$H917:$AC917)),8),F898) -> 19 | G899: =IF(D899="OVERALL",IFERROR(LOOKUP(2,1/('Tracker&Invoice'!$H917:$AC917<>""),COLUMN('Tracker&Invoice'!$H917:$AC917)),8),G900) -> 20 | H899: =MAX(F899,G899) -> 20 | I899: =IF(D899="INVOICE",SUM('Tracker&Invoice'!$H917:INDEX('Tracker&Invoice'!$A917:$AC917,1,H899)),0) -> 0 | J899: =IF(D899="OVERALL",SUM('Tracker&Invoice'!$H917:$AC917),0) -> 0
A900: =A899+B900 -> #REF! | B900: =IF(AND('Tracker&Invoice'!A918<>"",'Tracker&Invoice'!A918<>"ITEM",'Tracker&Invoice'!A916="ITEM"),1,0) -> 0 | C900: =IF(B900=1,'Tracker&Invoice'!A918,C899) -> BQ-088 | D900: =IF(LEFT(TRIM('Tracker&Invoice'!B918),9)="INVOICE #","INVOICE",IF(TRIM('Tracker&Invoice'!B918)="Overall Completion INVOICE","OVERALL","")) | E900: =IF(D900="INVOICE",VALUE(MID(TRIM('Tracker&Invoice'!B918),10,10)),"") | F900: =IF(B900=1,IFERROR(LOOKUP(2,1/('Tracker&Invoice'!$H918:$AC918<>""),COLUMN('Tracker&Invoice'!$H918:$AC918)),8),F899) -> 19 | G900: =IF(D900="OVERALL",IFERROR(LOOKUP(2,1/('Tracker&Invoice'!$H918:$AC918<>""),COLUMN('Tracker&Invoice'!$H918:$AC918)),8),G901) -> 20 | H900: =MAX(F900,G900) -> 20 | I900: =IF(D900="INVOICE",SUM('Tracker&Invoice'!$H918:INDEX('Tracker&Invoice'!$A918:$AC918,1,H900)),0) -> 0 | J900: =IF(D900="OVERALL",SUM('Tracker&Invoice'!$H918:$AC918),0) -> 0
A901: =A900+B901 -> #REF! | B901: =IF(AND('Tracker&Invoice'!A919<>"",'Tracker&Invoice'!A919<>"ITEM",'Tracker&Invoice'!A917="ITEM"),1,0) -> 0 | C901: =IF(B901=1,'Tracker&Invoice'!A919,C900) -> BQ-088 | D901: =IF(LEFT(TRIM('Tracker&Invoice'!B919),9)="INVOICE #","INVOICE",IF(TRIM('Tracker&Invoice'!B919)="Overall Completion INVOICE","OVERALL","")) | E901: =IF(D901="INVOICE",VALUE(MID(TRIM('Tracker&Invoice'!B919),10,10)),"") | F901: =IF(B901=1,IFERROR(LOOKUP(2,1/('Tracker&Invoice'!$H919:$AC919<>""),COLUMN('Tracker&Invoice'!$H919:$AC919)),8),F900) -> 19 | G901: =IF(D901="OVERALL",IFERROR(LOOKUP(2,1/('Tracker&Invoice'!$H919:$AC919<>""),COLUMN('Tracker&Invoice'!$H919:$AC919)),8),G902) -> 20 | H901: =MAX(F901,G901) -> 20 | I901: =IF(D901="INVOICE",SUM('Tracker&Invoice'!$H919:INDEX('Tracker&Invoice'!$A919:$AC919,1,H901)),0) -> 0 | J901: =IF(D901="OVERALL",SUM('Tracker&Invoice'!$H919:$AC919),0) -> 0
